DatoNokkel;Dato;Aar;MaanedNummer;MaanedNavnKort;MaanedNavn;Kvartal;ErActualYTD;PeriodeType
202601;2026-01-01;2026;1;Jan;Januar;Q1;TRUE;Actual
202602;2026-02-01;2026;2;Feb;Februar;Q1;TRUE;Actual
202603;2026-03-01;2026;3;Mar;Mars;Q1;TRUE;Actual
202604;2026-04-01;2026;4;Apr;April;Q2;TRUE;Actual
202605;2026-05-01;2026;5;Mai;Mai;Q2;TRUE;Actual
202606;2026-06-01;2026;6;Jun;Juni;Q2;TRUE;Actual
202607;2026-07-01;2026;7;Jul;Juli;Q3;TRUE;Actual
202608;2026-08-01;2026;8;Aug;August;Q3;TRUE;Actual
202609;2026-09-01;2026;9;Sep;September;Q3;TRUE;Actual
202610;2026-10-01;2026;10;Okt;Oktober;Q4;FALSE;Forecast
202611;2026-11-01;2026;11;Nov;November;Q4;FALSE;Forecast
202612;2026-12-01;2026;12;Des;Desember;Q4;FALSE;Forecast
