DatoNokkel;OrgKode;Konto;ProsjektKode;Bokforingstype;Belop_signert;Beskrivelse
202601;HHU_I001;3900;DRIFT;Actual;6.696;KD Bevilgning M01
202601;HHU_I001;3400;NFR001;Actual;0.837;BOA Inntekt M01
202601;HHU_I001;3600;DRIFT;Actual;0.167;Oppdrag/EVU Inntekt M01
202601;HHU_I001;5000;DRIFT;Actual;4.715;Lønn og sosiale kostnader M01
202601;HHU_I001;6300;DRIFT;Actual;1.772;Driftskostnader / AACSB M01
202601;HHU_I001;1250;INV001;Actual;0.844;Investeringer Capex M01
202601;HHU_I002;3900;DRIFT;Actual;5.859;KD Bevilgning M01
202601;HHU_I002;3400;NFR001;Actual;0.67;BOA Inntekt M01
202601;HHU_I002;3600;DRIFT;Actual;0.151;Oppdrag/EVU Inntekt M01
202601;HHU_I002;5000;DRIFT;Actual;4.065;Lønn og sosiale kostnader M01
202601;HHU_I002;6300;DRIFT;Actual;1.519;Driftskostnader / AACSB M01
202601;HHU_I002;1250;INV001;Actual;0.675;Investeringer Capex M01
202601;HHU_I003;3900;DRIFT;Actual;6.696;KD Bevilgning M01
202601;HHU_I003;3400;NFR001;Actual;0.837;BOA Inntekt M01
202601;HHU_I003;3600;EVU001;Actual;0.167;Oppdrag/EVU Inntekt M01
202601;HHU_I003;5000;DRIFT;Actual;4.715;Lønn og sosiale kostnader M01
202601;HHU_I003;6300;DRIFT;Actual;1.772;Driftskostnader / AACSB M01
202601;HHU_I003;1250;INV001;Actual;0.844;Investeringer Capex M01
202601;HHU_ADM;3900;DRIFT;Actual;1.406;KD Bevilgning M01
202601;HHU_ADM;3400;NFR001;Actual;0.151;BOA Inntekt M01
202601;HHU_ADM;3600;DRIFT;Actual;0.017;Oppdrag/EVU Inntekt M01
202601;HHU_ADM;5000;DRIFT;Actual;1.089;Lønn og sosiale kostnader M01
202601;HHU_ADM;6300;DRIFT;Actual;0.388;Driftskostnader / AACSB M01
202601;HHU_ADM;1250;INV001;Actual;0.203;Investeringer Capex M01
202601;TEK_001;3900;DRIFT;Actual;27.889;KD Bevilgning M01
202601;TEK_001;3420;EU001;Actual;4.185;BOA Inntekt M01
202601;TEK_001;3030;DRIFT;Actual;1.473;Oppdrag/EVU Inntekt M01
202601;TEK_001;5000;DRIFT;Actual;20.723;Lønn og sosiale kostnader M01
202601;TEK_001;6300;DRIFT;Actual;7.748;Driftskostnader / AACSB M01
202601;TEK_001;1250;INV001;Actual;4.726;Investeringer Capex M01
202601;HEL_001;3900;DRIFT;Actual;23.754;KD Bevilgning M01
202601;HEL_001;3420;EU001;Actual;2.511;BOA Inntekt M01
202601;HEL_001;3030;DRIFT;Actual;0.82;Oppdrag/EVU Inntekt M01
202601;HEL_001;5000;DRIFT;Actual;17.65;Lønn og sosiale kostnader M01
202601;HEL_001;6300;DRIFT;Actual;6.6;Driftskostnader / AACSB M01
202601;HEL_001;1250;INV001;Actual;2.836;Investeringer Capex M01
202601;SAM_001;3900;DRIFT;Actual;13.425;KD Bevilgning M01
202601;SAM_001;3420;EU001;Actual;1.507;BOA Inntekt M01
202601;SAM_001;3030;DRIFT;Actual;0.494;Oppdrag/EVU Inntekt M01
202601;SAM_001;5000;DRIFT;Actual;9.976;Lønn og sosiale kostnader M01
202601;SAM_001;6300;DRIFT;Actual;3.73;Driftskostnader / AACSB M01
202601;SAM_001;1250;INV001;Actual;1.215;Investeringer Capex M01
202601;HUM_001;3900;DRIFT;Actual;10.329;KD Bevilgning M01
202601;HUM_001;3420;EU001;Actual;1.004;BOA Inntekt M01
202601;HUM_001;3030;DRIFT;Actual;0.326;Oppdrag/EVU Inntekt M01
202601;HUM_001;5000;DRIFT;Actual;7.675;Lønn og sosiale kostnader M01
202601;HUM_001;6300;DRIFT;Actual;2.87;Driftskostnader / AACSB M01
202601;HUM_001;1250;INV001;Actual;0.945;Investeringer Capex M01
202601;ADM_001;3900;DRIFT;Actual;7.232;KD Bevilgning M01
202601;ADM_001;3420;EU001;Actual;1.256;BOA Inntekt M01
202601;ADM_001;3030;DRIFT;Actual;0.586;Oppdrag/EVU Inntekt M01
202601;ADM_001;5000;DRIFT;Actual;6.138;Lønn og sosiale kostnader M01
202601;ADM_001;6300;DRIFT;Actual;2.296;Driftskostnader / AACSB M01
202601;ADM_001;1250;INV001;Actual;1.215;Investeringer Capex M01
202602;HHU_I001;3900;DRIFT;Actual;6.696;KD Bevilgning M02
202602;HHU_I001;3400;NFR001;Actual;0.837;BOA Inntekt M02
202602;HHU_I001;3600;DRIFT;Actual;0.167;Oppdrag/EVU Inntekt M02
202602;HHU_I001;5000;DRIFT;Actual;4.715;Lønn og sosiale kostnader M02
202602;HHU_I001;6300;DRIFT;Actual;1.772;Driftskostnader / AACSB M02
202602;HHU_I001;1250;INV001;Actual;0.844;Investeringer Capex M02
202602;HHU_I002;3900;DRIFT;Actual;5.859;KD Bevilgning M02
202602;HHU_I002;3400;NFR001;Actual;0.67;BOA Inntekt M02
202602;HHU_I002;3600;DRIFT;Actual;0.151;Oppdrag/EVU Inntekt M02
202602;HHU_I002;5000;DRIFT;Actual;4.065;Lønn og sosiale kostnader M02
202602;HHU_I002;6300;DRIFT;Actual;1.519;Driftskostnader / AACSB M02
202602;HHU_I002;1250;INV001;Actual;0.675;Investeringer Capex M02
202602;HHU_I003;3900;DRIFT;Actual;6.696;KD Bevilgning M02
202602;HHU_I003;3400;NFR001;Actual;0.837;BOA Inntekt M02
202602;HHU_I003;3600;EVU001;Actual;0.167;Oppdrag/EVU Inntekt M02
202602;HHU_I003;5000;DRIFT;Actual;4.715;Lønn og sosiale kostnader M02
202602;HHU_I003;6300;DRIFT;Actual;1.772;Driftskostnader / AACSB M02
202602;HHU_I003;1250;INV001;Actual;0.844;Investeringer Capex M02
202602;HHU_ADM;3900;DRIFT;Actual;1.406;KD Bevilgning M02
202602;HHU_ADM;3400;NFR001;Actual;0.151;BOA Inntekt M02
202602;HHU_ADM;3600;DRIFT;Actual;0.017;Oppdrag/EVU Inntekt M02
202602;HHU_ADM;5000;DRIFT;Actual;1.089;Lønn og sosiale kostnader M02
202602;HHU_ADM;6300;DRIFT;Actual;0.388;Driftskostnader / AACSB M02
202602;HHU_ADM;1250;INV001;Actual;0.203;Investeringer Capex M02
202602;TEK_001;3900;DRIFT;Actual;27.889;KD Bevilgning M02
202602;TEK_001;3420;EU001;Actual;4.185;BOA Inntekt M02
202602;TEK_001;3030;DRIFT;Actual;1.473;Oppdrag/EVU Inntekt M02
202602;TEK_001;5000;DRIFT;Actual;20.723;Lønn og sosiale kostnader M02
202602;TEK_001;6300;DRIFT;Actual;7.748;Driftskostnader / AACSB M02
202602;TEK_001;1250;INV001;Actual;4.726;Investeringer Capex M02
202602;HEL_001;3900;DRIFT;Actual;23.754;KD Bevilgning M02
202602;HEL_001;3420;EU001;Actual;2.511;BOA Inntekt M02
202602;HEL_001;3030;DRIFT;Actual;0.82;Oppdrag/EVU Inntekt M02
202602;HEL_001;5000;DRIFT;Actual;17.65;Lønn og sosiale kostnader M02
202602;HEL_001;6300;DRIFT;Actual;6.6;Driftskostnader / AACSB M02
202602;HEL_001;1250;INV001;Actual;2.836;Investeringer Capex M02
202602;SAM_001;3900;DRIFT;Actual;13.425;KD Bevilgning M02
202602;SAM_001;3420;EU001;Actual;1.507;BOA Inntekt M02
202602;SAM_001;3030;DRIFT;Actual;0.494;Oppdrag/EVU Inntekt M02
202602;SAM_001;5000;DRIFT;Actual;9.976;Lønn og sosiale kostnader M02
202602;SAM_001;6300;DRIFT;Actual;3.73;Driftskostnader / AACSB M02
202602;SAM_001;1250;INV001;Actual;1.215;Investeringer Capex M02
202602;HUM_001;3900;DRIFT;Actual;10.329;KD Bevilgning M02
202602;HUM_001;3420;EU001;Actual;1.004;BOA Inntekt M02
202602;HUM_001;3030;DRIFT;Actual;0.326;Oppdrag/EVU Inntekt M02
202602;HUM_001;5000;DRIFT;Actual;7.675;Lønn og sosiale kostnader M02
202602;HUM_001;6300;DRIFT;Actual;2.87;Driftskostnader / AACSB M02
202602;HUM_001;1250;INV001;Actual;0.945;Investeringer Capex M02
202602;ADM_001;3900;DRIFT;Actual;7.232;KD Bevilgning M02
202602;ADM_001;3420;EU001;Actual;1.256;BOA Inntekt M02
202602;ADM_001;3030;DRIFT;Actual;0.586;Oppdrag/EVU Inntekt M02
202602;ADM_001;5000;DRIFT;Actual;6.138;Lønn og sosiale kostnader M02
202602;ADM_001;6300;DRIFT;Actual;2.296;Driftskostnader / AACSB M02
202602;ADM_001;1250;INV001;Actual;1.215;Investeringer Capex M02
202603;HHU_I001;3900;DRIFT;Actual;6.696;KD Bevilgning M03
202603;HHU_I001;3400;NFR001;Actual;0.837;BOA Inntekt M03
202603;HHU_I001;3600;DRIFT;Actual;0.167;Oppdrag/EVU Inntekt M03
202603;HHU_I001;5000;DRIFT;Actual;4.715;Lønn og sosiale kostnader M03
202603;HHU_I001;6300;DRIFT;Actual;1.772;Driftskostnader / AACSB M03
202603;HHU_I001;1250;INV001;Actual;0.844;Investeringer Capex M03
202603;HHU_I002;3900;DRIFT;Actual;5.859;KD Bevilgning M03
202603;HHU_I002;3400;NFR001;Actual;0.67;BOA Inntekt M03
202603;HHU_I002;3600;DRIFT;Actual;0.151;Oppdrag/EVU Inntekt M03
202603;HHU_I002;5000;DRIFT;Actual;4.065;Lønn og sosiale kostnader M03
202603;HHU_I002;6300;DRIFT;Actual;1.519;Driftskostnader / AACSB M03
202603;HHU_I002;1250;INV001;Actual;0.675;Investeringer Capex M03
202603;HHU_I003;3900;DRIFT;Actual;6.696;KD Bevilgning M03
202603;HHU_I003;3400;NFR001;Actual;0.837;BOA Inntekt M03
202603;HHU_I003;3600;EVU001;Actual;0.167;Oppdrag/EVU Inntekt M03
202603;HHU_I003;5000;DRIFT;Actual;4.715;Lønn og sosiale kostnader M03
202603;HHU_I003;6300;DRIFT;Actual;1.772;Driftskostnader / AACSB M03
202603;HHU_I003;1250;INV001;Actual;0.844;Investeringer Capex M03
202603;HHU_ADM;3900;DRIFT;Actual;1.406;KD Bevilgning M03
202603;HHU_ADM;3400;NFR001;Actual;0.151;BOA Inntekt M03
202603;HHU_ADM;3600;DRIFT;Actual;0.017;Oppdrag/EVU Inntekt M03
202603;HHU_ADM;5000;DRIFT;Actual;1.089;Lønn og sosiale kostnader M03
202603;HHU_ADM;6700;AACSB01;Actual;0.388;Driftskostnader / AACSB M03
202603;HHU_ADM;1250;INV001;Actual;0.203;Investeringer Capex M03
202603;TEK_001;3900;DRIFT;Actual;27.889;KD Bevilgning M03
202603;TEK_001;3420;EU001;Actual;4.185;BOA Inntekt M03
202603;TEK_001;3030;DRIFT;Actual;1.473;Oppdrag/EVU Inntekt M03
202603;TEK_001;5000;DRIFT;Actual;20.723;Lønn og sosiale kostnader M03
202603;TEK_001;6300;DRIFT;Actual;7.748;Driftskostnader / AACSB M03
202603;TEK_001;1250;INV001;Actual;4.726;Investeringer Capex M03
202603;HEL_001;3900;DRIFT;Actual;23.754;KD Bevilgning M03
202603;HEL_001;3420;EU001;Actual;2.511;BOA Inntekt M03
202603;HEL_001;3030;DRIFT;Actual;0.82;Oppdrag/EVU Inntekt M03
202603;HEL_001;5000;DRIFT;Actual;17.65;Lønn og sosiale kostnader M03
202603;HEL_001;6300;DRIFT;Actual;6.6;Driftskostnader / AACSB M03
202603;HEL_001;1250;INV001;Actual;2.836;Investeringer Capex M03
202603;SAM_001;3900;DRIFT;Actual;13.425;KD Bevilgning M03
202603;SAM_001;3420;EU001;Actual;1.507;BOA Inntekt M03
202603;SAM_001;3030;DRIFT;Actual;0.494;Oppdrag/EVU Inntekt M03
202603;SAM_001;5000;DRIFT;Actual;9.976;Lønn og sosiale kostnader M03
202603;SAM_001;6300;DRIFT;Actual;3.73;Driftskostnader / AACSB M03
202603;SAM_001;1250;INV001;Actual;1.215;Investeringer Capex M03
202603;HUM_001;3900;DRIFT;Actual;10.329;KD Bevilgning M03
202603;HUM_001;3420;EU001;Actual;1.004;BOA Inntekt M03
202603;HUM_001;3030;DRIFT;Actual;0.326;Oppdrag/EVU Inntekt M03
202603;HUM_001;5000;DRIFT;Actual;7.675;Lønn og sosiale kostnader M03
202603;HUM_001;6300;DRIFT;Actual;2.87;Driftskostnader / AACSB M03
202603;HUM_001;1250;INV001;Actual;0.945;Investeringer Capex M03
202603;ADM_001;3900;DRIFT;Actual;7.232;KD Bevilgning M03
202603;ADM_001;3420;EU001;Actual;1.256;BOA Inntekt M03
202603;ADM_001;3030;DRIFT;Actual;0.586;Oppdrag/EVU Inntekt M03
202603;ADM_001;5000;DRIFT;Actual;6.138;Lønn og sosiale kostnader M03
202603;ADM_001;6300;DRIFT;Actual;2.296;Driftskostnader / AACSB M03
202603;ADM_001;1250;INV001;Actual;1.215;Investeringer Capex M03
202604;HHU_I001;3900;DRIFT;Actual;6.696;KD Bevilgning M04
202604;HHU_I001;3400;NFR001;Actual;0.837;BOA Inntekt M04
202604;HHU_I001;3600;DRIFT;Actual;0.167;Oppdrag/EVU Inntekt M04
202604;HHU_I001;5000;DRIFT;Actual;4.715;Lønn og sosiale kostnader M04
202604;HHU_I001;6300;DRIFT;Actual;1.772;Driftskostnader / AACSB M04
202604;HHU_I001;1250;INV001;Actual;0.844;Investeringer Capex M04
202604;HHU_I002;3900;DRIFT;Actual;5.859;KD Bevilgning M04
202604;HHU_I002;3400;NFR001;Actual;0.67;BOA Inntekt M04
202604;HHU_I002;3600;DRIFT;Actual;0.151;Oppdrag/EVU Inntekt M04
202604;HHU_I002;5000;DRIFT;Actual;4.065;Lønn og sosiale kostnader M04
202604;HHU_I002;6300;DRIFT;Actual;1.519;Driftskostnader / AACSB M04
202604;HHU_I002;1250;INV001;Actual;0.675;Investeringer Capex M04
202604;HHU_I003;3900;DRIFT;Actual;6.696;KD Bevilgning M04
202604;HHU_I003;3400;NFR001;Actual;0.837;BOA Inntekt M04
202604;HHU_I003;3600;EVU001;Actual;0.167;Oppdrag/EVU Inntekt M04
202604;HHU_I003;5000;DRIFT;Actual;4.715;Lønn og sosiale kostnader M04
202604;HHU_I003;6300;DRIFT;Actual;1.772;Driftskostnader / AACSB M04
202604;HHU_I003;1250;INV001;Actual;0.844;Investeringer Capex M04
202604;HHU_ADM;3900;DRIFT;Actual;1.406;KD Bevilgning M04
202604;HHU_ADM;3400;NFR001;Actual;0.151;BOA Inntekt M04
202604;HHU_ADM;3600;DRIFT;Actual;0.017;Oppdrag/EVU Inntekt M04
202604;HHU_ADM;5000;DRIFT;Actual;1.089;Lønn og sosiale kostnader M04
202604;HHU_ADM;6300;DRIFT;Actual;0.388;Driftskostnader / AACSB M04
202604;HHU_ADM;1250;INV001;Actual;0.203;Investeringer Capex M04
202604;TEK_001;3900;DRIFT;Actual;27.889;KD Bevilgning M04
202604;TEK_001;3420;EU001;Actual;4.185;BOA Inntekt M04
202604;TEK_001;3030;DRIFT;Actual;1.473;Oppdrag/EVU Inntekt M04
202604;TEK_001;5000;DRIFT;Actual;20.723;Lønn og sosiale kostnader M04
202604;TEK_001;6300;DRIFT;Actual;7.748;Driftskostnader / AACSB M04
202604;TEK_001;1250;INV001;Actual;4.726;Investeringer Capex M04
202604;HEL_001;3900;DRIFT;Actual;23.754;KD Bevilgning M04
202604;HEL_001;3420;EU001;Actual;2.511;BOA Inntekt M04
202604;HEL_001;3030;DRIFT;Actual;0.82;Oppdrag/EVU Inntekt M04
202604;HEL_001;5000;DRIFT;Actual;17.65;Lønn og sosiale kostnader M04
202604;HEL_001;6300;DRIFT;Actual;6.6;Driftskostnader / AACSB M04
202604;HEL_001;1250;INV001;Actual;2.836;Investeringer Capex M04
202604;SAM_001;3900;DRIFT;Actual;13.425;KD Bevilgning M04
202604;SAM_001;3420;EU001;Actual;1.507;BOA Inntekt M04
202604;SAM_001;3030;DRIFT;Actual;0.494;Oppdrag/EVU Inntekt M04
202604;SAM_001;5000;DRIFT;Actual;9.976;Lønn og sosiale kostnader M04
202604;SAM_001;6300;DRIFT;Actual;3.73;Driftskostnader / AACSB M04
202604;SAM_001;1250;INV001;Actual;1.215;Investeringer Capex M04
202604;HUM_001;3900;DRIFT;Actual;10.329;KD Bevilgning M04
202604;HUM_001;3420;EU001;Actual;1.004;BOA Inntekt M04
202604;HUM_001;3030;DRIFT;Actual;0.326;Oppdrag/EVU Inntekt M04
202604;HUM_001;5000;DRIFT;Actual;7.675;Lønn og sosiale kostnader M04
202604;HUM_001;6300;DRIFT;Actual;2.87;Driftskostnader / AACSB M04
202604;HUM_001;1250;INV001;Actual;0.945;Investeringer Capex M04
202604;ADM_001;3900;DRIFT;Actual;7.232;KD Bevilgning M04
202604;ADM_001;3420;EU001;Actual;1.256;BOA Inntekt M04
202604;ADM_001;3030;DRIFT;Actual;0.586;Oppdrag/EVU Inntekt M04
202604;ADM_001;5000;DRIFT;Actual;6.138;Lønn og sosiale kostnader M04
202604;ADM_001;6300;DRIFT;Actual;2.296;Driftskostnader / AACSB M04
202604;ADM_001;1250;INV001;Actual;1.215;Investeringer Capex M04
202605;HHU_I001;3900;DRIFT;Actual;6.696;KD Bevilgning M05
202605;HHU_I001;3400;NFR001;Actual;0.837;BOA Inntekt M05
202605;HHU_I001;3600;DRIFT;Actual;0.167;Oppdrag/EVU Inntekt M05
202605;HHU_I001;5000;DRIFT;Actual;4.715;Lønn og sosiale kostnader M05
202605;HHU_I001;6300;DRIFT;Actual;1.772;Driftskostnader / AACSB M05
202605;HHU_I001;1250;INV001;Actual;0.844;Investeringer Capex M05
202605;HHU_I002;3900;DRIFT;Actual;5.859;KD Bevilgning M05
202605;HHU_I002;3400;NFR001;Actual;0.67;BOA Inntekt M05
202605;HHU_I002;3600;DRIFT;Actual;0.151;Oppdrag/EVU Inntekt M05
202605;HHU_I002;5000;DRIFT;Actual;4.065;Lønn og sosiale kostnader M05
202605;HHU_I002;6300;DRIFT;Actual;1.519;Driftskostnader / AACSB M05
202605;HHU_I002;1250;INV001;Actual;0.675;Investeringer Capex M05
202605;HHU_I003;3900;DRIFT;Actual;6.696;KD Bevilgning M05
202605;HHU_I003;3400;NFR001;Actual;0.837;BOA Inntekt M05
202605;HHU_I003;3600;EVU001;Actual;0.167;Oppdrag/EVU Inntekt M05
202605;HHU_I003;5000;DRIFT;Actual;4.715;Lønn og sosiale kostnader M05
202605;HHU_I003;6300;DRIFT;Actual;1.772;Driftskostnader / AACSB M05
202605;HHU_I003;1250;INV001;Actual;0.844;Investeringer Capex M05
202605;HHU_ADM;3900;DRIFT;Actual;1.406;KD Bevilgning M05
202605;HHU_ADM;3400;NFR001;Actual;0.151;BOA Inntekt M05
202605;HHU_ADM;3600;DRIFT;Actual;0.017;Oppdrag/EVU Inntekt M05
202605;HHU_ADM;5000;DRIFT;Actual;1.089;Lønn og sosiale kostnader M05
202605;HHU_ADM;6300;DRIFT;Actual;0.388;Driftskostnader / AACSB M05
202605;HHU_ADM;1250;INV001;Actual;0.203;Investeringer Capex M05
202605;TEK_001;3900;DRIFT;Actual;27.889;KD Bevilgning M05
202605;TEK_001;3420;EU001;Actual;4.185;BOA Inntekt M05
202605;TEK_001;3030;DRIFT;Actual;1.473;Oppdrag/EVU Inntekt M05
202605;TEK_001;5000;DRIFT;Actual;20.723;Lønn og sosiale kostnader M05
202605;TEK_001;6300;DRIFT;Actual;7.748;Driftskostnader / AACSB M05
202605;TEK_001;1250;INV001;Actual;4.726;Investeringer Capex M05
202605;HEL_001;3900;DRIFT;Actual;23.754;KD Bevilgning M05
202605;HEL_001;3420;EU001;Actual;2.511;BOA Inntekt M05
202605;HEL_001;3030;DRIFT;Actual;0.82;Oppdrag/EVU Inntekt M05
202605;HEL_001;5000;DRIFT;Actual;17.65;Lønn og sosiale kostnader M05
202605;HEL_001;6300;DRIFT;Actual;6.6;Driftskostnader / AACSB M05
202605;HEL_001;1250;INV001;Actual;2.836;Investeringer Capex M05
202605;SAM_001;3900;DRIFT;Actual;13.425;KD Bevilgning M05
202605;SAM_001;3420;EU001;Actual;1.507;BOA Inntekt M05
202605;SAM_001;3030;DRIFT;Actual;0.494;Oppdrag/EVU Inntekt M05
202605;SAM_001;5000;DRIFT;Actual;9.976;Lønn og sosiale kostnader M05
202605;SAM_001;6300;DRIFT;Actual;3.73;Driftskostnader / AACSB M05
202605;SAM_001;1250;INV001;Actual;1.215;Investeringer Capex M05
202605;HUM_001;3900;DRIFT;Actual;10.329;KD Bevilgning M05
202605;HUM_001;3420;EU001;Actual;1.004;BOA Inntekt M05
202605;HUM_001;3030;DRIFT;Actual;0.326;Oppdrag/EVU Inntekt M05
202605;HUM_001;5000;DRIFT;Actual;7.675;Lønn og sosiale kostnader M05
202605;HUM_001;6300;DRIFT;Actual;2.87;Driftskostnader / AACSB M05
202605;HUM_001;1250;INV001;Actual;0.945;Investeringer Capex M05
202605;ADM_001;3900;DRIFT;Actual;7.232;KD Bevilgning M05
202605;ADM_001;3420;EU001;Actual;1.256;BOA Inntekt M05
202605;ADM_001;3030;DRIFT;Actual;0.586;Oppdrag/EVU Inntekt M05
202605;ADM_001;5000;DRIFT;Actual;6.138;Lønn og sosiale kostnader M05
202605;ADM_001;6300;DRIFT;Actual;2.296;Driftskostnader / AACSB M05
202605;ADM_001;1250;INV001;Actual;1.215;Investeringer Capex M05
202606;HHU_I001;3900;DRIFT;Actual;6.72;KD Bevilgning M06
202606;HHU_I001;3400;NFR001;Actual;0.84;BOA Inntekt M06
202606;HHU_I001;3600;DRIFT;Actual;0.168;Oppdrag/EVU Inntekt M06
202606;HHU_I001;5000;DRIFT;Actual;7.134;Lønn og sosiale kostnader M06
202606;HHU_I001;6300;DRIFT;Actual;2.037;Driftskostnader / AACSB M06
202606;HHU_I001;1250;INV001;Actual;0.97;Investeringer Capex M06
202606;HHU_I002;3900;DRIFT;Actual;5.88;KD Bevilgning M06
202606;HHU_I002;3400;NFR001;Actual;0.672;BOA Inntekt M06
202606;HHU_I002;3600;DRIFT;Actual;0.151;Oppdrag/EVU Inntekt M06
202606;HHU_I002;5000;DRIFT;Actual;6.15;Lønn og sosiale kostnader M06
202606;HHU_I002;6300;DRIFT;Actual;1.746;Driftskostnader / AACSB M06
202606;HHU_I002;1250;INV001;Actual;0.776;Investeringer Capex M06
202606;HHU_I003;3900;DRIFT;Actual;6.72;KD Bevilgning M06
202606;HHU_I003;3400;NFR001;Actual;0.84;BOA Inntekt M06
202606;HHU_I003;3600;EVU001;Actual;0.168;Oppdrag/EVU Inntekt M06
202606;HHU_I003;5000;DRIFT;Actual;7.134;Lønn og sosiale kostnader M06
202606;HHU_I003;6300;DRIFT;Actual;2.037;Driftskostnader / AACSB M06
202606;HHU_I003;1250;INV001;Actual;0.97;Investeringer Capex M06
202606;HHU_ADM;3900;DRIFT;Actual;1.411;KD Bevilgning M06
202606;HHU_ADM;3400;NFR001;Actual;0.151;BOA Inntekt M06
202606;HHU_ADM;3600;DRIFT;Actual;0.017;Oppdrag/EVU Inntekt M06
202606;HHU_ADM;5000;DRIFT;Actual;1.648;Lønn og sosiale kostnader M06
202606;HHU_ADM;6300;DRIFT;Actual;0.446;Driftskostnader / AACSB M06
202606;HHU_ADM;1250;INV001;Actual;0.233;Investeringer Capex M06
202606;TEK_001;3900;DRIFT;Actual;27.989;KD Bevilgning M06
202606;TEK_001;3420;EU001;Actual;4.2;BOA Inntekt M06
202606;TEK_001;3030;DRIFT;Actual;1.478;Oppdrag/EVU Inntekt M06
202606;TEK_001;5000;DRIFT;Actual;31.353;Lønn og sosiale kostnader M06
202606;TEK_001;6300;DRIFT;Actual;8.905;Driftskostnader / AACSB M06
202606;TEK_001;1250;INV001;Actual;5.432;Investeringer Capex M06
202606;HEL_001;3900;DRIFT;Actual;23.839;KD Bevilgning M06
202606;HEL_001;3420;EU001;Actual;2.52;BOA Inntekt M06
202606;HEL_001;3030;DRIFT;Actual;0.823;Oppdrag/EVU Inntekt M06
202606;HEL_001;5000;DRIFT;Actual;26.703;Lønn og sosiale kostnader M06
202606;HEL_001;6300;DRIFT;Actual;7.585;Driftskostnader / AACSB M06
202606;HEL_001;1250;INV001;Actual;3.259;Investeringer Capex M06
202606;SAM_001;3900;DRIFT;Actual;13.474;KD Bevilgning M06
202606;SAM_001;3420;EU001;Actual;1.512;BOA Inntekt M06
202606;SAM_001;3030;DRIFT;Actual;0.496;Oppdrag/EVU Inntekt M06
202606;SAM_001;5000;DRIFT;Actual;15.092;Lønn og sosiale kostnader M06
202606;SAM_001;6300;DRIFT;Actual;4.287;Driftskostnader / AACSB M06
202606;SAM_001;1250;INV001;Actual;1.397;Investeringer Capex M06
202606;HUM_001;3900;DRIFT;Actual;10.366;KD Bevilgning M06
202606;HUM_001;3420;EU001;Actual;1.008;BOA Inntekt M06
202606;HUM_001;3030;DRIFT;Actual;0.328;Oppdrag/EVU Inntekt M06
202606;HUM_001;5000;DRIFT;Actual;11.611;Lønn og sosiale kostnader M06
202606;HUM_001;6300;DRIFT;Actual;3.298;Driftskostnader / AACSB M06
202606;HUM_001;1250;INV001;Actual;1.086;Investeringer Capex M06
202606;ADM_001;3900;DRIFT;Actual;7.258;KD Bevilgning M06
202606;ADM_001;3420;EU001;Actual;1.26;BOA Inntekt M06
202606;ADM_001;3030;DRIFT;Actual;0.588;Oppdrag/EVU Inntekt M06
202606;ADM_001;5000;DRIFT;Actual;9.287;Lønn og sosiale kostnader M06
202606;ADM_001;6300;DRIFT;Actual;2.638;Driftskostnader / AACSB M06
202606;ADM_001;1250;INV001;Actual;1.397;Investeringer Capex M06
202607;HHU_I001;3900;DRIFT;Actual;6.32;KD Bevilgning M07
202607;HHU_I001;3400;NFR001;Actual;0.79;BOA Inntekt M07
202607;HHU_I001;3600;DRIFT;Actual;0.158;Oppdrag/EVU Inntekt M07
202607;HHU_I001;5000;DRIFT;Actual;3.712;Lønn og sosiale kostnader M07
202607;HHU_I001;6300;DRIFT;Actual;1.239;Driftskostnader / AACSB M07
202607;HHU_I001;1250;INV001;Actual;0.59;Investeringer Capex M07
202607;HHU_I002;3900;DRIFT;Actual;5.53;KD Bevilgning M07
202607;HHU_I002;3400;NFR001;Actual;0.632;BOA Inntekt M07
202607;HHU_I002;3600;DRIFT;Actual;0.142;Oppdrag/EVU Inntekt M07
202607;HHU_I002;5000;DRIFT;Actual;3.2;Lønn og sosiale kostnader M07
202607;HHU_I002;6300;DRIFT;Actual;1.062;Driftskostnader / AACSB M07
202607;HHU_I002;1250;INV001;Actual;0.472;Investeringer Capex M07
202607;HHU_I003;3900;DRIFT;Actual;6.32;KD Bevilgning M07
202607;HHU_I003;3400;NFR001;Actual;0.79;BOA Inntekt M07
202607;HHU_I003;3600;EVU001;Actual;0.158;Oppdrag/EVU Inntekt M07
202607;HHU_I003;5000;DRIFT;Actual;3.712;Lønn og sosiale kostnader M07
202607;HHU_I003;6300;DRIFT;Actual;1.239;Driftskostnader / AACSB M07
202607;HHU_I003;1250;INV001;Actual;0.59;Investeringer Capex M07
202607;HHU_ADM;3900;DRIFT;Actual;1.327;KD Bevilgning M07
202607;HHU_ADM;3400;NFR001;Actual;0.142;BOA Inntekt M07
202607;HHU_ADM;3600;DRIFT;Actual;0.016;Oppdrag/EVU Inntekt M07
202607;HHU_ADM;5000;DRIFT;Actual;0.858;Lønn og sosiale kostnader M07
202607;HHU_ADM;6300;DRIFT;Actual;0.271;Driftskostnader / AACSB M07
202607;HHU_ADM;1250;INV001;Actual;0.142;Investeringer Capex M07
202607;TEK_001;3900;DRIFT;Actual;26.323;KD Bevilgning M07
202607;TEK_001;3420;EU001;Actual;3.95;BOA Inntekt M07
202607;TEK_001;3030;DRIFT;Actual;1.39;Oppdrag/EVU Inntekt M07
202607;TEK_001;5000;DRIFT;Actual;16.314;Lønn og sosiale kostnader M07
202607;TEK_001;6300;DRIFT;Actual;5.416;Driftskostnader / AACSB M07
202607;TEK_001;1250;INV001;Actual;3.304;Investeringer Capex M07
202607;HEL_001;3900;DRIFT;Actual;22.42;KD Bevilgning M07
202607;HEL_001;3420;EU001;Actual;2.37;BOA Inntekt M07
202607;HEL_001;3030;DRIFT;Actual;0.774;Oppdrag/EVU Inntekt M07
202607;HEL_001;5000;DRIFT;Actual;13.894;Lønn og sosiale kostnader M07
202607;HEL_001;6300;DRIFT;Actual;4.614;Driftskostnader / AACSB M07
202607;HEL_001;1250;INV001;Actual;1.982;Investeringer Capex M07
202607;SAM_001;3900;DRIFT;Actual;12.672;KD Bevilgning M07
202607;SAM_001;3420;EU001;Actual;1.422;BOA Inntekt M07
202607;SAM_001;3030;DRIFT;Actual;0.466;Oppdrag/EVU Inntekt M07
202607;SAM_001;5000;DRIFT;Actual;7.853;Lønn og sosiale kostnader M07
202607;SAM_001;6300;DRIFT;Actual;2.608;Driftskostnader / AACSB M07
202607;SAM_001;1250;INV001;Actual;0.85;Investeringer Capex M07
202607;HUM_001;3900;DRIFT;Actual;9.749;KD Bevilgning M07
202607;HUM_001;3420;EU001;Actual;0.948;BOA Inntekt M07
202607;HUM_001;3030;DRIFT;Actual;0.308;Oppdrag/EVU Inntekt M07
202607;HUM_001;5000;DRIFT;Actual;6.042;Lønn og sosiale kostnader M07
202607;HUM_001;6300;DRIFT;Actual;2.006;Driftskostnader / AACSB M07
202607;HUM_001;1250;INV001;Actual;0.661;Investeringer Capex M07
202607;ADM_001;3900;DRIFT;Actual;6.826;KD Bevilgning M07
202607;ADM_001;3420;EU001;Actual;1.185;BOA Inntekt M07
202607;ADM_001;3030;DRIFT;Actual;0.553;Oppdrag/EVU Inntekt M07
202607;ADM_001;5000;DRIFT;Actual;4.832;Lønn og sosiale kostnader M07
202607;ADM_001;6300;DRIFT;Actual;1.605;Driftskostnader / AACSB M07
202607;ADM_001;1250;INV001;Actual;0.85;Investeringer Capex M07
202608;HHU_I001;3900;DRIFT;Actual;6.696;KD Bevilgning M08
202608;HHU_I001;3400;NFR001;Actual;0.837;BOA Inntekt M08
202608;HHU_I001;3600;DRIFT;Actual;0.167;Oppdrag/EVU Inntekt M08
202608;HHU_I001;5000;DRIFT;Actual;4.715;Lønn og sosiale kostnader M08
202608;HHU_I001;6300;DRIFT;Actual;1.772;Driftskostnader / AACSB M08
202608;HHU_I001;1250;INV001;Actual;0.844;Investeringer Capex M08
202608;HHU_I002;3900;DRIFT;Actual;5.859;KD Bevilgning M08
202608;HHU_I002;3400;NFR001;Actual;0.67;BOA Inntekt M08
202608;HHU_I002;3600;DRIFT;Actual;0.151;Oppdrag/EVU Inntekt M08
202608;HHU_I002;5000;DRIFT;Actual;4.065;Lønn og sosiale kostnader M08
202608;HHU_I002;6300;DRIFT;Actual;1.519;Driftskostnader / AACSB M08
202608;HHU_I002;1250;INV001;Actual;0.675;Investeringer Capex M08
202608;HHU_I003;3900;DRIFT;Actual;6.696;KD Bevilgning M08
202608;HHU_I003;3400;NFR001;Actual;0.837;BOA Inntekt M08
202608;HHU_I003;3600;EVU001;Actual;0.167;Oppdrag/EVU Inntekt M08
202608;HHU_I003;5000;DRIFT;Actual;4.715;Lønn og sosiale kostnader M08
202608;HHU_I003;6300;DRIFT;Actual;1.772;Driftskostnader / AACSB M08
202608;HHU_I003;1250;INV001;Actual;0.844;Investeringer Capex M08
202608;HHU_ADM;3900;DRIFT;Actual;1.406;KD Bevilgning M08
202608;HHU_ADM;3400;NFR001;Actual;0.151;BOA Inntekt M08
202608;HHU_ADM;3600;DRIFT;Actual;0.017;Oppdrag/EVU Inntekt M08
202608;HHU_ADM;5000;DRIFT;Actual;1.089;Lønn og sosiale kostnader M08
202608;HHU_ADM;6300;DRIFT;Actual;0.388;Driftskostnader / AACSB M08
202608;HHU_ADM;1250;INV001;Actual;0.203;Investeringer Capex M08
202608;TEK_001;3900;DRIFT;Actual;27.889;KD Bevilgning M08
202608;TEK_001;3420;EU001;Actual;4.185;BOA Inntekt M08
202608;TEK_001;3030;DRIFT;Actual;1.473;Oppdrag/EVU Inntekt M08
202608;TEK_001;5000;DRIFT;Actual;20.723;Lønn og sosiale kostnader M08
202608;TEK_001;6300;DRIFT;Actual;7.748;Driftskostnader / AACSB M08
202608;TEK_001;1250;INV001;Actual;4.726;Investeringer Capex M08
202608;HEL_001;3900;DRIFT;Actual;23.754;KD Bevilgning M08
202608;HEL_001;3420;EU001;Actual;2.511;BOA Inntekt M08
202608;HEL_001;3030;DRIFT;Actual;0.82;Oppdrag/EVU Inntekt M08
202608;HEL_001;5000;DRIFT;Actual;17.65;Lønn og sosiale kostnader M08
202608;HEL_001;6300;DRIFT;Actual;6.6;Driftskostnader / AACSB M08
202608;HEL_001;1250;INV001;Actual;2.836;Investeringer Capex M08
202608;SAM_001;3900;DRIFT;Actual;13.425;KD Bevilgning M08
202608;SAM_001;3420;EU001;Actual;1.507;BOA Inntekt M08
202608;SAM_001;3030;DRIFT;Actual;0.494;Oppdrag/EVU Inntekt M08
202608;SAM_001;5000;DRIFT;Actual;9.976;Lønn og sosiale kostnader M08
202608;SAM_001;6300;DRIFT;Actual;3.73;Driftskostnader / AACSB M08
202608;SAM_001;1250;INV001;Actual;1.215;Investeringer Capex M08
202608;HUM_001;3900;DRIFT;Actual;10.329;KD Bevilgning M08
202608;HUM_001;3420;EU001;Actual;1.004;BOA Inntekt M08
202608;HUM_001;3030;DRIFT;Actual;0.326;Oppdrag/EVU Inntekt M08
202608;HUM_001;5000;DRIFT;Actual;7.675;Lønn og sosiale kostnader M08
202608;HUM_001;6300;DRIFT;Actual;2.87;Driftskostnader / AACSB M08
202608;HUM_001;1250;INV001;Actual;0.945;Investeringer Capex M08
202608;ADM_001;3900;DRIFT;Actual;7.232;KD Bevilgning M08
202608;ADM_001;3420;EU001;Actual;1.256;BOA Inntekt M08
202608;ADM_001;3030;DRIFT;Actual;0.586;Oppdrag/EVU Inntekt M08
202608;ADM_001;5000;DRIFT;Actual;6.138;Lønn og sosiale kostnader M08
202608;ADM_001;6300;DRIFT;Actual;2.296;Driftskostnader / AACSB M08
202608;ADM_001;1250;INV001;Actual;1.215;Investeringer Capex M08
202609;HHU_I001;3900;DRIFT;Actual;6.696;KD Bevilgning M09
202609;HHU_I001;3400;NFR001;Actual;0.837;BOA Inntekt M09
202609;HHU_I001;3600;DRIFT;Actual;0.167;Oppdrag/EVU Inntekt M09
202609;HHU_I001;5000;DRIFT;Actual;4.715;Lønn og sosiale kostnader M09
202609;HHU_I001;6300;DRIFT;Actual;1.772;Driftskostnader / AACSB M09
202609;HHU_I001;1250;INV001;Actual;0.844;Investeringer Capex M09
202609;HHU_I002;3900;DRIFT;Actual;5.859;KD Bevilgning M09
202609;HHU_I002;3400;NFR001;Actual;0.67;BOA Inntekt M09
202609;HHU_I002;3600;DRIFT;Actual;0.151;Oppdrag/EVU Inntekt M09
202609;HHU_I002;5000;DRIFT;Actual;4.065;Lønn og sosiale kostnader M09
202609;HHU_I002;6300;DRIFT;Actual;1.519;Driftskostnader / AACSB M09
202609;HHU_I002;1250;INV001;Actual;0.675;Investeringer Capex M09
202609;HHU_I003;3900;DRIFT;Actual;6.696;KD Bevilgning M09
202609;HHU_I003;3400;NFR001;Actual;0.837;BOA Inntekt M09
202609;HHU_I003;3600;EVU001;Actual;0.167;Oppdrag/EVU Inntekt M09
202609;HHU_I003;5000;DRIFT;Actual;4.715;Lønn og sosiale kostnader M09
202609;HHU_I003;6300;DRIFT;Actual;1.772;Driftskostnader / AACSB M09
202609;HHU_I003;7790;EVU001;Actual;0.35;SRS 9 Avsetning for tapskontrakt EVU001
202609;HHU_I003;1250;INV001;Actual;0.844;Investeringer Capex M09
202609;HHU_ADM;3900;DRIFT;Actual;1.406;KD Bevilgning M09
202609;HHU_ADM;3400;NFR001;Actual;0.151;BOA Inntekt M09
202609;HHU_ADM;3600;DRIFT;Actual;0.017;Oppdrag/EVU Inntekt M09
202609;HHU_ADM;5000;DRIFT;Actual;1.089;Lønn og sosiale kostnader M09
202609;HHU_ADM;6700;AACSB01;Actual;0.388;Driftskostnader / AACSB M09
202609;HHU_ADM;1250;INV001;Actual;0.203;Investeringer Capex M09
202609;TEK_001;3900;DRIFT;Actual;27.889;KD Bevilgning M09
202609;TEK_001;3420;EU001;Actual;4.185;BOA Inntekt M09
202609;TEK_001;3030;DRIFT;Actual;1.473;Oppdrag/EVU Inntekt M09
202609;TEK_001;5000;DRIFT;Actual;20.723;Lønn og sosiale kostnader M09
202609;TEK_001;6300;DRIFT;Actual;7.748;Driftskostnader / AACSB M09
202609;TEK_001;1250;INV001;Actual;4.726;Investeringer Capex M09
202609;HEL_001;3900;DRIFT;Actual;23.754;KD Bevilgning M09
202609;HEL_001;3420;EU001;Actual;2.511;BOA Inntekt M09
202609;HEL_001;3030;DRIFT;Actual;0.82;Oppdrag/EVU Inntekt M09
202609;HEL_001;5000;DRIFT;Actual;17.65;Lønn og sosiale kostnader M09
202609;HEL_001;6300;DRIFT;Actual;6.6;Driftskostnader / AACSB M09
202609;HEL_001;1250;INV001;Actual;2.836;Investeringer Capex M09
202609;SAM_001;3900;DRIFT;Actual;13.425;KD Bevilgning M09
202609;SAM_001;3420;EU001;Actual;1.507;BOA Inntekt M09
202609;SAM_001;3030;DRIFT;Actual;0.494;Oppdrag/EVU Inntekt M09
202609;SAM_001;5000;DRIFT;Actual;9.976;Lønn og sosiale kostnader M09
202609;SAM_001;6300;DRIFT;Actual;3.73;Driftskostnader / AACSB M09
202609;SAM_001;1250;INV001;Actual;1.215;Investeringer Capex M09
202609;HUM_001;3900;DRIFT;Actual;10.329;KD Bevilgning M09
202609;HUM_001;3420;EU001;Actual;1.004;BOA Inntekt M09
202609;HUM_001;3030;DRIFT;Actual;0.326;Oppdrag/EVU Inntekt M09
202609;HUM_001;5000;DRIFT;Actual;7.675;Lønn og sosiale kostnader M09
202609;HUM_001;6300;DRIFT;Actual;2.87;Driftskostnader / AACSB M09
202609;HUM_001;1250;INV001;Actual;0.945;Investeringer Capex M09
202609;ADM_001;3900;DRIFT;Actual;7.232;KD Bevilgning M09
202609;ADM_001;3420;EU001;Actual;1.256;BOA Inntekt M09
202609;ADM_001;3030;DRIFT;Actual;0.586;Oppdrag/EVU Inntekt M09
202609;ADM_001;5000;DRIFT;Actual;6.138;Lønn og sosiale kostnader M09
202609;ADM_001;6300;DRIFT;Actual;2.296;Driftskostnader / AACSB M09
202609;ADM_001;1250;INV001;Actual;1.215;Investeringer Capex M09
202610;HHU_I001;3900;DRIFT;Forecast;6.696;KD Bevilgning M10
202610;HHU_I001;3400;NFR001;Forecast;0.837;BOA Inntekt M10
202610;HHU_I001;3600;DRIFT;Forecast;0.167;Oppdrag/EVU Inntekt M10
202610;HHU_I001;5000;DRIFT;Forecast;4.715;Lønn og sosiale kostnader M10
202610;HHU_I001;6300;DRIFT;Forecast;1.772;Driftskostnader / AACSB M10
202610;HHU_I001;1250;INV001;Forecast;0.844;Investeringer Capex M10
202610;HHU_I002;3900;DRIFT;Forecast;5.859;KD Bevilgning M10
202610;HHU_I002;3400;NFR001;Forecast;0.67;BOA Inntekt M10
202610;HHU_I002;3600;DRIFT;Forecast;0.151;Oppdrag/EVU Inntekt M10
202610;HHU_I002;5000;DRIFT;Forecast;4.065;Lønn og sosiale kostnader M10
202610;HHU_I002;6300;DRIFT;Forecast;1.519;Driftskostnader / AACSB M10
202610;HHU_I002;1250;INV001;Forecast;0.675;Investeringer Capex M10
202610;HHU_I003;3900;DRIFT;Forecast;6.696;KD Bevilgning M10
202610;HHU_I003;3400;NFR001;Forecast;0.837;BOA Inntekt M10
202610;HHU_I003;3600;EVU001;Forecast;0.167;Oppdrag/EVU Inntekt M10
202610;HHU_I003;5000;DRIFT;Forecast;4.715;Lønn og sosiale kostnader M10
202610;HHU_I003;6300;DRIFT;Forecast;1.772;Driftskostnader / AACSB M10
202610;HHU_I003;1250;INV001;Forecast;0.844;Investeringer Capex M10
202610;HHU_ADM;3900;DRIFT;Forecast;1.406;KD Bevilgning M10
202610;HHU_ADM;3400;NFR001;Forecast;0.151;BOA Inntekt M10
202610;HHU_ADM;3600;DRIFT;Forecast;0.017;Oppdrag/EVU Inntekt M10
202610;HHU_ADM;5000;DRIFT;Forecast;1.089;Lønn og sosiale kostnader M10
202610;HHU_ADM;6300;DRIFT;Forecast;0.388;Driftskostnader / AACSB M10
202610;HHU_ADM;1250;INV001;Forecast;0.203;Investeringer Capex M10
202610;TEK_001;3900;DRIFT;Forecast;27.889;KD Bevilgning M10
202610;TEK_001;3420;EU001;Forecast;4.185;BOA Inntekt M10
202610;TEK_001;3030;DRIFT;Forecast;1.473;Oppdrag/EVU Inntekt M10
202610;TEK_001;5000;DRIFT;Forecast;20.723;Lønn og sosiale kostnader M10
202610;TEK_001;6300;DRIFT;Forecast;7.748;Driftskostnader / AACSB M10
202610;TEK_001;1250;INV001;Forecast;4.726;Investeringer Capex M10
202610;HEL_001;3900;DRIFT;Forecast;23.754;KD Bevilgning M10
202610;HEL_001;3420;EU001;Forecast;2.511;BOA Inntekt M10
202610;HEL_001;3030;DRIFT;Forecast;0.82;Oppdrag/EVU Inntekt M10
202610;HEL_001;5000;DRIFT;Forecast;17.65;Lønn og sosiale kostnader M10
202610;HEL_001;6300;DRIFT;Forecast;6.6;Driftskostnader / AACSB M10
202610;HEL_001;1250;INV001;Forecast;2.836;Investeringer Capex M10
202610;SAM_001;3900;DRIFT;Forecast;13.425;KD Bevilgning M10
202610;SAM_001;3420;EU001;Forecast;1.507;BOA Inntekt M10
202610;SAM_001;3030;DRIFT;Forecast;0.494;Oppdrag/EVU Inntekt M10
202610;SAM_001;5000;DRIFT;Forecast;9.976;Lønn og sosiale kostnader M10
202610;SAM_001;6300;DRIFT;Forecast;3.73;Driftskostnader / AACSB M10
202610;SAM_001;1250;INV001;Forecast;1.215;Investeringer Capex M10
202610;HUM_001;3900;DRIFT;Forecast;10.329;KD Bevilgning M10
202610;HUM_001;3420;EU001;Forecast;1.004;BOA Inntekt M10
202610;HUM_001;3030;DRIFT;Forecast;0.326;Oppdrag/EVU Inntekt M10
202610;HUM_001;5000;DRIFT;Forecast;7.675;Lønn og sosiale kostnader M10
202610;HUM_001;6300;DRIFT;Forecast;2.87;Driftskostnader / AACSB M10
202610;HUM_001;1250;INV001;Forecast;0.945;Investeringer Capex M10
202610;ADM_001;3900;DRIFT;Forecast;7.232;KD Bevilgning M10
202610;ADM_001;3420;EU001;Forecast;1.256;BOA Inntekt M10
202610;ADM_001;3030;DRIFT;Forecast;0.586;Oppdrag/EVU Inntekt M10
202610;ADM_001;5000;DRIFT;Forecast;6.138;Lønn og sosiale kostnader M10
202610;ADM_001;6300;DRIFT;Forecast;2.296;Driftskostnader / AACSB M10
202610;ADM_001;1250;INV001;Forecast;1.215;Investeringer Capex M10
202611;HHU_I001;3900;DRIFT;Forecast;6.696;KD Bevilgning M11
202611;HHU_I001;3400;NFR001;Forecast;0.837;BOA Inntekt M11
202611;HHU_I001;3600;DRIFT;Forecast;0.167;Oppdrag/EVU Inntekt M11
202611;HHU_I001;5000;DRIFT;Forecast;4.715;Lønn og sosiale kostnader M11
202611;HHU_I001;6300;DRIFT;Forecast;1.772;Driftskostnader / AACSB M11
202611;HHU_I001;1250;INV001;Forecast;0.844;Investeringer Capex M11
202611;HHU_I002;3900;DRIFT;Forecast;5.859;KD Bevilgning M11
202611;HHU_I002;3400;NFR001;Forecast;0.67;BOA Inntekt M11
202611;HHU_I002;3600;DRIFT;Forecast;0.151;Oppdrag/EVU Inntekt M11
202611;HHU_I002;5000;DRIFT;Forecast;4.065;Lønn og sosiale kostnader M11
202611;HHU_I002;6300;DRIFT;Forecast;1.519;Driftskostnader / AACSB M11
202611;HHU_I002;1250;INV001;Forecast;0.675;Investeringer Capex M11
202611;HHU_I003;3900;DRIFT;Forecast;6.696;KD Bevilgning M11
202611;HHU_I003;3400;NFR001;Forecast;0.837;BOA Inntekt M11
202611;HHU_I003;3600;EVU001;Forecast;0.167;Oppdrag/EVU Inntekt M11
202611;HHU_I003;5000;DRIFT;Forecast;4.715;Lønn og sosiale kostnader M11
202611;HHU_I003;6300;DRIFT;Forecast;1.772;Driftskostnader / AACSB M11
202611;HHU_I003;1250;INV001;Forecast;0.844;Investeringer Capex M11
202611;HHU_ADM;3900;DRIFT;Forecast;1.406;KD Bevilgning M11
202611;HHU_ADM;3400;NFR001;Forecast;0.151;BOA Inntekt M11
202611;HHU_ADM;3600;DRIFT;Forecast;0.017;Oppdrag/EVU Inntekt M11
202611;HHU_ADM;5000;DRIFT;Forecast;1.089;Lønn og sosiale kostnader M11
202611;HHU_ADM;6300;DRIFT;Forecast;0.388;Driftskostnader / AACSB M11
202611;HHU_ADM;1250;INV001;Forecast;0.203;Investeringer Capex M11
202611;TEK_001;3900;DRIFT;Forecast;27.889;KD Bevilgning M11
202611;TEK_001;3420;EU001;Forecast;4.185;BOA Inntekt M11
202611;TEK_001;3030;DRIFT;Forecast;1.473;Oppdrag/EVU Inntekt M11
202611;TEK_001;5000;DRIFT;Forecast;20.723;Lønn og sosiale kostnader M11
202611;TEK_001;6300;DRIFT;Forecast;7.748;Driftskostnader / AACSB M11
202611;TEK_001;1250;INV001;Forecast;4.726;Investeringer Capex M11
202611;HEL_001;3900;DRIFT;Forecast;23.754;KD Bevilgning M11
202611;HEL_001;3420;EU001;Forecast;2.511;BOA Inntekt M11
202611;HEL_001;3030;DRIFT;Forecast;0.82;Oppdrag/EVU Inntekt M11
202611;HEL_001;5000;DRIFT;Forecast;17.65;Lønn og sosiale kostnader M11
202611;HEL_001;6300;DRIFT;Forecast;6.6;Driftskostnader / AACSB M11
202611;HEL_001;1250;INV001;Forecast;2.836;Investeringer Capex M11
202611;SAM_001;3900;DRIFT;Forecast;13.425;KD Bevilgning M11
202611;SAM_001;3420;EU001;Forecast;1.507;BOA Inntekt M11
202611;SAM_001;3030;DRIFT;Forecast;0.494;Oppdrag/EVU Inntekt M11
202611;SAM_001;5000;DRIFT;Forecast;9.976;Lønn og sosiale kostnader M11
202611;SAM_001;6300;DRIFT;Forecast;3.73;Driftskostnader / AACSB M11
202611;SAM_001;1250;INV001;Forecast;1.215;Investeringer Capex M11
202611;HUM_001;3900;DRIFT;Forecast;10.329;KD Bevilgning M11
202611;HUM_001;3420;EU001;Forecast;1.004;BOA Inntekt M11
202611;HUM_001;3030;DRIFT;Forecast;0.326;Oppdrag/EVU Inntekt M11
202611;HUM_001;5000;DRIFT;Forecast;7.675;Lønn og sosiale kostnader M11
202611;HUM_001;6300;DRIFT;Forecast;2.87;Driftskostnader / AACSB M11
202611;HUM_001;1250;INV001;Forecast;0.945;Investeringer Capex M11
202611;ADM_001;3900;DRIFT;Forecast;7.232;KD Bevilgning M11
202611;ADM_001;3420;EU001;Forecast;1.256;BOA Inntekt M11
202611;ADM_001;3030;DRIFT;Forecast;0.586;Oppdrag/EVU Inntekt M11
202611;ADM_001;5000;DRIFT;Forecast;6.138;Lønn og sosiale kostnader M11
202611;ADM_001;6300;DRIFT;Forecast;2.296;Driftskostnader / AACSB M11
202611;ADM_001;1250;INV001;Forecast;1.215;Investeringer Capex M11
202612;HHU_I001;3900;DRIFT;Forecast;6.696;KD Bevilgning M12
202612;HHU_I001;3400;NFR001;Forecast;0.837;BOA Inntekt M12
202612;HHU_I001;3600;DRIFT;Forecast;0.167;Oppdrag/EVU Inntekt M12
202612;HHU_I001;5000;DRIFT;Forecast;4.715;Lønn og sosiale kostnader M12
202612;HHU_I001;6300;DRIFT;Forecast;1.772;Driftskostnader / AACSB M12
202612;HHU_I001;1250;INV001;Forecast;0.844;Investeringer Capex M12
202612;HHU_I002;3900;DRIFT;Forecast;5.859;KD Bevilgning M12
202612;HHU_I002;3400;NFR001;Forecast;0.67;BOA Inntekt M12
202612;HHU_I002;3600;DRIFT;Forecast;0.151;Oppdrag/EVU Inntekt M12
202612;HHU_I002;5000;DRIFT;Forecast;4.065;Lønn og sosiale kostnader M12
202612;HHU_I002;6300;DRIFT;Forecast;1.519;Driftskostnader / AACSB M12
202612;HHU_I002;1250;INV001;Forecast;0.675;Investeringer Capex M12
202612;HHU_I003;3900;DRIFT;Forecast;6.696;KD Bevilgning M12
202612;HHU_I003;3400;NFR001;Forecast;0.837;BOA Inntekt M12
202612;HHU_I003;3600;EVU001;Forecast;0.167;Oppdrag/EVU Inntekt M12
202612;HHU_I003;5000;DRIFT;Forecast;4.715;Lønn og sosiale kostnader M12
202612;HHU_I003;6300;DRIFT;Forecast;1.772;Driftskostnader / AACSB M12
202612;HHU_I003;1250;INV001;Forecast;0.844;Investeringer Capex M12
202612;HHU_ADM;3900;DRIFT;Forecast;1.406;KD Bevilgning M12
202612;HHU_ADM;3400;NFR001;Forecast;0.151;BOA Inntekt M12
202612;HHU_ADM;3600;DRIFT;Forecast;0.017;Oppdrag/EVU Inntekt M12
202612;HHU_ADM;5000;DRIFT;Forecast;1.089;Lønn og sosiale kostnader M12
202612;HHU_ADM;6300;DRIFT;Forecast;0.388;Driftskostnader / AACSB M12
202612;HHU_ADM;1250;INV001;Forecast;0.203;Investeringer Capex M12
202612;TEK_001;3900;DRIFT;Forecast;27.889;KD Bevilgning M12
202612;TEK_001;3420;EU001;Forecast;4.185;BOA Inntekt M12
202612;TEK_001;3030;DRIFT;Forecast;1.473;Oppdrag/EVU Inntekt M12
202612;TEK_001;5000;DRIFT;Forecast;20.723;Lønn og sosiale kostnader M12
202612;TEK_001;6300;DRIFT;Forecast;7.748;Driftskostnader / AACSB M12
202612;TEK_001;1250;INV001;Forecast;4.726;Investeringer Capex M12
202612;HEL_001;3900;DRIFT;Forecast;23.754;KD Bevilgning M12
202612;HEL_001;3420;EU001;Forecast;2.511;BOA Inntekt M12
202612;HEL_001;3030;DRIFT;Forecast;0.82;Oppdrag/EVU Inntekt M12
202612;HEL_001;5000;DRIFT;Forecast;17.65;Lønn og sosiale kostnader M12
202612;HEL_001;6300;DRIFT;Forecast;6.6;Driftskostnader / AACSB M12
202612;HEL_001;1250;INV001;Forecast;2.836;Investeringer Capex M12
202612;SAM_001;3900;DRIFT;Forecast;13.425;KD Bevilgning M12
202612;SAM_001;3420;EU001;Forecast;1.507;BOA Inntekt M12
202612;SAM_001;3030;DRIFT;Forecast;0.494;Oppdrag/EVU Inntekt M12
202612;SAM_001;5000;DRIFT;Forecast;9.976;Lønn og sosiale kostnader M12
202612;SAM_001;6300;DRIFT;Forecast;3.73;Driftskostnader / AACSB M12
202612;SAM_001;1250;INV001;Forecast;1.215;Investeringer Capex M12
202612;HUM_001;3900;DRIFT;Forecast;10.329;KD Bevilgning M12
202612;HUM_001;3420;EU001;Forecast;1.004;BOA Inntekt M12
202612;HUM_001;3030;DRIFT;Forecast;0.326;Oppdrag/EVU Inntekt M12
202612;HUM_001;5000;DRIFT;Forecast;7.675;Lønn og sosiale kostnader M12
202612;HUM_001;6300;DRIFT;Forecast;2.87;Driftskostnader / AACSB M12
202612;HUM_001;1250;INV001;Forecast;0.945;Investeringer Capex M12
202612;ADM_001;3900;DRIFT;Forecast;7.232;KD Bevilgning M12
202612;ADM_001;3420;EU001;Forecast;1.256;BOA Inntekt M12
202612;ADM_001;3030;DRIFT;Forecast;0.586;Oppdrag/EVU Inntekt M12
202612;ADM_001;5000;DRIFT;Forecast;6.138;Lønn og sosiale kostnader M12
202612;ADM_001;6300;DRIFT;Forecast;2.296;Driftskostnader / AACSB M12
202612;ADM_001;1250;INV001;Forecast;1.215;Investeringer Capex M12
