DatoNokkel;OrgKode;Konto;BudsjettBelop;Beskrivelse
202601;HHU_I001;3900;7.667;Budsjettert Inntekt M01
202601;HHU_I001;5000;7.417;Budsjettert Kostnad M01
202601;HHU_I002;3900;6.65;Budsjettert Inntekt M01
202601;HHU_I002;5000;6.333;Budsjettert Kostnad M01
202601;HHU_I003;3900;7.667;Budsjettert Inntekt M01
202601;HHU_I003;5000;7.417;Budsjettert Kostnad M01
202601;HHU_ADM;3900;1.567;Budsjettert Inntekt M01
202601;HHU_ADM;5000;1.7;Budsjettert Kostnad M01
202601;TEK_001;3900;33.4;Budsjettert Inntekt M01
202601;TEK_001;5000;33.558;Budsjettert Kostnad M01
202601;HEL_001;3900;26.967;Budsjettert Inntekt M01
202601;HEL_001;5000;27.408;Budsjettert Kostnad M01
202601;SAM_001;3900;15.358;Budsjettert Inntekt M01
202601;SAM_001;5000;15.108;Budsjettert Kostnad M01
202601;HUM_001;3900;11.608;Budsjettert Inntekt M01
202601;HUM_001;5000;11.633;Budsjettert Kostnad M01
202601;ADM_001;3900;9.033;Budsjettert Inntekt M01
202601;ADM_001;5000;9.758;Budsjettert Kostnad M01
202602;HHU_I001;3900;7.667;Budsjettert Inntekt M02
202602;HHU_I001;5000;7.417;Budsjettert Kostnad M02
202602;HHU_I002;3900;6.65;Budsjettert Inntekt M02
202602;HHU_I002;5000;6.333;Budsjettert Kostnad M02
202602;HHU_I003;3900;7.667;Budsjettert Inntekt M02
202602;HHU_I003;5000;7.417;Budsjettert Kostnad M02
202602;HHU_ADM;3900;1.567;Budsjettert Inntekt M02
202602;HHU_ADM;5000;1.7;Budsjettert Kostnad M02
202602;TEK_001;3900;33.4;Budsjettert Inntekt M02
202602;TEK_001;5000;33.558;Budsjettert Kostnad M02
202602;HEL_001;3900;26.967;Budsjettert Inntekt M02
202602;HEL_001;5000;27.408;Budsjettert Kostnad M02
202602;SAM_001;3900;15.358;Budsjettert Inntekt M02
202602;SAM_001;5000;15.108;Budsjettert Kostnad M02
202602;HUM_001;3900;11.608;Budsjettert Inntekt M02
202602;HUM_001;5000;11.633;Budsjettert Kostnad M02
202602;ADM_001;3900;9.033;Budsjettert Inntekt M02
202602;ADM_001;5000;9.758;Budsjettert Kostnad M02
202603;HHU_I001;3900;7.667;Budsjettert Inntekt M03
202603;HHU_I001;5000;7.417;Budsjettert Kostnad M03
202603;HHU_I002;3900;6.65;Budsjettert Inntekt M03
202603;HHU_I002;5000;6.333;Budsjettert Kostnad M03
202603;HHU_I003;3900;7.667;Budsjettert Inntekt M03
202603;HHU_I003;5000;7.417;Budsjettert Kostnad M03
202603;HHU_ADM;3900;1.567;Budsjettert Inntekt M03
202603;HHU_ADM;5000;1.7;Budsjettert Kostnad M03
202603;TEK_001;3900;33.4;Budsjettert Inntekt M03
202603;TEK_001;5000;33.558;Budsjettert Kostnad M03
202603;HEL_001;3900;26.967;Budsjettert Inntekt M03
202603;HEL_001;5000;27.408;Budsjettert Kostnad M03
202603;SAM_001;3900;15.358;Budsjettert Inntekt M03
202603;SAM_001;5000;15.108;Budsjettert Kostnad M03
202603;HUM_001;3900;11.608;Budsjettert Inntekt M03
202603;HUM_001;5000;11.633;Budsjettert Kostnad M03
202603;ADM_001;3900;9.033;Budsjettert Inntekt M03
202603;ADM_001;5000;9.758;Budsjettert Kostnad M03
202604;HHU_I001;3900;7.667;Budsjettert Inntekt M04
202604;HHU_I001;5000;7.417;Budsjettert Kostnad M04
202604;HHU_I002;3900;6.65;Budsjettert Inntekt M04
202604;HHU_I002;5000;6.333;Budsjettert Kostnad M04
202604;HHU_I003;3900;7.667;Budsjettert Inntekt M04
202604;HHU_I003;5000;7.417;Budsjettert Kostnad M04
202604;HHU_ADM;3900;1.567;Budsjettert Inntekt M04
202604;HHU_ADM;5000;1.7;Budsjettert Kostnad M04
202604;TEK_001;3900;33.4;Budsjettert Inntekt M04
202604;TEK_001;5000;33.558;Budsjettert Kostnad M04
202604;HEL_001;3900;26.967;Budsjettert Inntekt M04
202604;HEL_001;5000;27.408;Budsjettert Kostnad M04
202604;SAM_001;3900;15.358;Budsjettert Inntekt M04
202604;SAM_001;5000;15.108;Budsjettert Kostnad M04
202604;HUM_001;3900;11.608;Budsjettert Inntekt M04
202604;HUM_001;5000;11.633;Budsjettert Kostnad M04
202604;ADM_001;3900;9.033;Budsjettert Inntekt M04
202604;ADM_001;5000;9.758;Budsjettert Kostnad M04
202605;HHU_I001;3900;7.667;Budsjettert Inntekt M05
202605;HHU_I001;5000;7.417;Budsjettert Kostnad M05
202605;HHU_I002;3900;6.65;Budsjettert Inntekt M05
202605;HHU_I002;5000;6.333;Budsjettert Kostnad M05
202605;HHU_I003;3900;7.667;Budsjettert Inntekt M05
202605;HHU_I003;5000;7.417;Budsjettert Kostnad M05
202605;HHU_ADM;3900;1.567;Budsjettert Inntekt M05
202605;HHU_ADM;5000;1.7;Budsjettert Kostnad M05
202605;TEK_001;3900;33.4;Budsjettert Inntekt M05
202605;TEK_001;5000;33.558;Budsjettert Kostnad M05
202605;HEL_001;3900;26.967;Budsjettert Inntekt M05
202605;HEL_001;5000;27.408;Budsjettert Kostnad M05
202605;SAM_001;3900;15.358;Budsjettert Inntekt M05
202605;SAM_001;5000;15.108;Budsjettert Kostnad M05
202605;HUM_001;3900;11.608;Budsjettert Inntekt M05
202605;HUM_001;5000;11.633;Budsjettert Kostnad M05
202605;ADM_001;3900;9.033;Budsjettert Inntekt M05
202605;ADM_001;5000;9.758;Budsjettert Kostnad M05
202606;HHU_I001;3900;7.667;Budsjettert Inntekt M06
202606;HHU_I001;5000;7.417;Budsjettert Kostnad M06
202606;HHU_I002;3900;6.65;Budsjettert Inntekt M06
202606;HHU_I002;5000;6.333;Budsjettert Kostnad M06
202606;HHU_I003;3900;7.667;Budsjettert Inntekt M06
202606;HHU_I003;5000;7.417;Budsjettert Kostnad M06
202606;HHU_ADM;3900;1.567;Budsjettert Inntekt M06
202606;HHU_ADM;5000;1.7;Budsjettert Kostnad M06
202606;TEK_001;3900;33.4;Budsjettert Inntekt M06
202606;TEK_001;5000;33.558;Budsjettert Kostnad M06
202606;HEL_001;3900;26.967;Budsjettert Inntekt M06
202606;HEL_001;5000;27.408;Budsjettert Kostnad M06
202606;SAM_001;3900;15.358;Budsjettert Inntekt M06
202606;SAM_001;5000;15.108;Budsjettert Kostnad M06
202606;HUM_001;3900;11.608;Budsjettert Inntekt M06
202606;HUM_001;5000;11.633;Budsjettert Kostnad M06
202606;ADM_001;3900;9.033;Budsjettert Inntekt M06
202606;ADM_001;5000;9.758;Budsjettert Kostnad M06
202607;HHU_I001;3900;7.667;Budsjettert Inntekt M07
202607;HHU_I001;5000;7.417;Budsjettert Kostnad M07
202607;HHU_I002;3900;6.65;Budsjettert Inntekt M07
202607;HHU_I002;5000;6.333;Budsjettert Kostnad M07
202607;HHU_I003;3900;7.667;Budsjettert Inntekt M07
202607;HHU_I003;5000;7.417;Budsjettert Kostnad M07
202607;HHU_ADM;3900;1.567;Budsjettert Inntekt M07
202607;HHU_ADM;5000;1.7;Budsjettert Kostnad M07
202607;TEK_001;3900;33.4;Budsjettert Inntekt M07
202607;TEK_001;5000;33.558;Budsjettert Kostnad M07
202607;HEL_001;3900;26.967;Budsjettert Inntekt M07
202607;HEL_001;5000;27.408;Budsjettert Kostnad M07
202607;SAM_001;3900;15.358;Budsjettert Inntekt M07
202607;SAM_001;5000;15.108;Budsjettert Kostnad M07
202607;HUM_001;3900;11.608;Budsjettert Inntekt M07
202607;HUM_001;5000;11.633;Budsjettert Kostnad M07
202607;ADM_001;3900;9.033;Budsjettert Inntekt M07
202607;ADM_001;5000;9.758;Budsjettert Kostnad M07
202608;HHU_I001;3900;7.667;Budsjettert Inntekt M08
202608;HHU_I001;5000;7.417;Budsjettert Kostnad M08
202608;HHU_I002;3900;6.65;Budsjettert Inntekt M08
202608;HHU_I002;5000;6.333;Budsjettert Kostnad M08
202608;HHU_I003;3900;7.667;Budsjettert Inntekt M08
202608;HHU_I003;5000;7.417;Budsjettert Kostnad M08
202608;HHU_ADM;3900;1.567;Budsjettert Inntekt M08
202608;HHU_ADM;5000;1.7;Budsjettert Kostnad M08
202608;TEK_001;3900;33.4;Budsjettert Inntekt M08
202608;TEK_001;5000;33.558;Budsjettert Kostnad M08
202608;HEL_001;3900;26.967;Budsjettert Inntekt M08
202608;HEL_001;5000;27.408;Budsjettert Kostnad M08
202608;SAM_001;3900;15.358;Budsjettert Inntekt M08
202608;SAM_001;5000;15.108;Budsjettert Kostnad M08
202608;HUM_001;3900;11.608;Budsjettert Inntekt M08
202608;HUM_001;5000;11.633;Budsjettert Kostnad M08
202608;ADM_001;3900;9.033;Budsjettert Inntekt M08
202608;ADM_001;5000;9.758;Budsjettert Kostnad M08
202609;HHU_I001;3900;7.667;Budsjettert Inntekt M09
202609;HHU_I001;5000;7.417;Budsjettert Kostnad M09
202609;HHU_I002;3900;6.65;Budsjettert Inntekt M09
202609;HHU_I002;5000;6.333;Budsjettert Kostnad M09
202609;HHU_I003;3900;7.667;Budsjettert Inntekt M09
202609;HHU_I003;5000;7.417;Budsjettert Kostnad M09
202609;HHU_ADM;3900;1.567;Budsjettert Inntekt M09
202609;HHU_ADM;5000;1.7;Budsjettert Kostnad M09
202609;TEK_001;3900;33.4;Budsjettert Inntekt M09
202609;TEK_001;5000;33.558;Budsjettert Kostnad M09
202609;HEL_001;3900;26.967;Budsjettert Inntekt M09
202609;HEL_001;5000;27.408;Budsjettert Kostnad M09
202609;SAM_001;3900;15.358;Budsjettert Inntekt M09
202609;SAM_001;5000;15.108;Budsjettert Kostnad M09
202609;HUM_001;3900;11.608;Budsjettert Inntekt M09
202609;HUM_001;5000;11.633;Budsjettert Kostnad M09
202609;ADM_001;3900;9.033;Budsjettert Inntekt M09
202609;ADM_001;5000;9.758;Budsjettert Kostnad M09
202610;HHU_I001;3900;7.667;Budsjettert Inntekt M10
202610;HHU_I001;5000;7.417;Budsjettert Kostnad M10
202610;HHU_I002;3900;6.65;Budsjettert Inntekt M10
202610;HHU_I002;5000;6.333;Budsjettert Kostnad M10
202610;HHU_I003;3900;7.667;Budsjettert Inntekt M10
202610;HHU_I003;5000;7.417;Budsjettert Kostnad M10
202610;HHU_ADM;3900;1.567;Budsjettert Inntekt M10
202610;HHU_ADM;5000;1.7;Budsjettert Kostnad M10
202610;TEK_001;3900;33.4;Budsjettert Inntekt M10
202610;TEK_001;5000;33.558;Budsjettert Kostnad M10
202610;HEL_001;3900;26.967;Budsjettert Inntekt M10
202610;HEL_001;5000;27.408;Budsjettert Kostnad M10
202610;SAM_001;3900;15.358;Budsjettert Inntekt M10
202610;SAM_001;5000;15.108;Budsjettert Kostnad M10
202610;HUM_001;3900;11.608;Budsjettert Inntekt M10
202610;HUM_001;5000;11.633;Budsjettert Kostnad M10
202610;ADM_001;3900;9.033;Budsjettert Inntekt M10
202610;ADM_001;5000;9.758;Budsjettert Kostnad M10
202611;HHU_I001;3900;7.667;Budsjettert Inntekt M11
202611;HHU_I001;5000;7.417;Budsjettert Kostnad M11
202611;HHU_I002;3900;6.65;Budsjettert Inntekt M11
202611;HHU_I002;5000;6.333;Budsjettert Kostnad M11
202611;HHU_I003;3900;7.667;Budsjettert Inntekt M11
202611;HHU_I003;5000;7.417;Budsjettert Kostnad M11
202611;HHU_ADM;3900;1.567;Budsjettert Inntekt M11
202611;HHU_ADM;5000;1.7;Budsjettert Kostnad M11
202611;TEK_001;3900;33.4;Budsjettert Inntekt M11
202611;TEK_001;5000;33.558;Budsjettert Kostnad M11
202611;HEL_001;3900;26.967;Budsjettert Inntekt M11
202611;HEL_001;5000;27.408;Budsjettert Kostnad M11
202611;SAM_001;3900;15.358;Budsjettert Inntekt M11
202611;SAM_001;5000;15.108;Budsjettert Kostnad M11
202611;HUM_001;3900;11.608;Budsjettert Inntekt M11
202611;HUM_001;5000;11.633;Budsjettert Kostnad M11
202611;ADM_001;3900;9.033;Budsjettert Inntekt M11
202611;ADM_001;5000;9.758;Budsjettert Kostnad M11
202612;HHU_I001;3900;7.667;Budsjettert Inntekt M12
202612;HHU_I001;5000;7.417;Budsjettert Kostnad M12
202612;HHU_I002;3900;6.65;Budsjettert Inntekt M12
202612;HHU_I002;5000;6.333;Budsjettert Kostnad M12
202612;HHU_I003;3900;7.667;Budsjettert Inntekt M12
202612;HHU_I003;5000;7.417;Budsjettert Kostnad M12
202612;HHU_ADM;3900;1.567;Budsjettert Inntekt M12
202612;HHU_ADM;5000;1.7;Budsjettert Kostnad M12
202612;TEK_001;3900;33.4;Budsjettert Inntekt M12
202612;TEK_001;5000;33.558;Budsjettert Kostnad M12
202612;HEL_001;3900;26.967;Budsjettert Inntekt M12
202612;HEL_001;5000;27.408;Budsjettert Kostnad M12
202612;SAM_001;3900;15.358;Budsjettert Inntekt M12
202612;SAM_001;5000;15.108;Budsjettert Kostnad M12
202612;HUM_001;3900;11.608;Budsjettert Inntekt M12
202612;HUM_001;5000;11.633;Budsjettert Kostnad M12
202612;ADM_001;3900;9.033;Budsjettert Inntekt M12
202612;ADM_001;5000;9.758;Budsjettert Kostnad M12
