DatoNokkel;OrgKode;Studieprogram;RegistrerteStudenter;SPE60;KategoriKlasse;StudenterPrUF
202601;HHU_I001;BSc Ledelse & MSc Innovasjon;1150;86.67;Kategori 1 (54 550 NOK);22.1
202601;HHU_I002;BSc / MSc Rettsvitenskap;1020;76.67;Kategori 1 (54 550 NOK);21.25
202601;HHU_I003;BSc / MSc Økonomi & Siviløkonom;1280;96.67;Kategori 1 (54 550 NOK);23.27
202601;TEK_001;Ingeniør & Realfag;3210;245.0;Kategori 2 (81 800 NOK);13.95
202601;HEL_001;Helse & Sykepleie;3100;237.5;Kategori 2 (81 800 NOK);15.9
202601;SAM_001;Samfunnsvitenskap;2320;175.83;Kategori 1 (54 550 NOK);20.17
202601;HUM_001;Humaniora & Lærer;1920;144.17;Kategori 1 (54 550 NOK);20.21
202602;HHU_I001;BSc Ledelse & MSc Innovasjon;1150;86.67;Kategori 1 (54 550 NOK);22.1
202602;HHU_I002;BSc / MSc Rettsvitenskap;1020;76.67;Kategori 1 (54 550 NOK);21.25
202602;HHU_I003;BSc / MSc Økonomi & Siviløkonom;1280;96.67;Kategori 1 (54 550 NOK);23.27
202602;TEK_001;Ingeniør & Realfag;3210;245.0;Kategori 2 (81 800 NOK);13.95
202602;HEL_001;Helse & Sykepleie;3100;237.5;Kategori 2 (81 800 NOK);15.9
202602;SAM_001;Samfunnsvitenskap;2320;175.83;Kategori 1 (54 550 NOK);20.17
202602;HUM_001;Humaniora & Lærer;1920;144.17;Kategori 1 (54 550 NOK);20.21
202603;HHU_I001;BSc Ledelse & MSc Innovasjon;1150;86.67;Kategori 1 (54 550 NOK);22.1
202603;HHU_I002;BSc / MSc Rettsvitenskap;1020;76.67;Kategori 1 (54 550 NOK);21.25
202603;HHU_I003;BSc / MSc Økonomi & Siviløkonom;1280;96.67;Kategori 1 (54 550 NOK);23.27
202603;TEK_001;Ingeniør & Realfag;3210;245.0;Kategori 2 (81 800 NOK);13.95
202603;HEL_001;Helse & Sykepleie;3100;237.5;Kategori 2 (81 800 NOK);15.9
202603;SAM_001;Samfunnsvitenskap;2320;175.83;Kategori 1 (54 550 NOK);20.17
202603;HUM_001;Humaniora & Lærer;1920;144.17;Kategori 1 (54 550 NOK);20.21
202604;HHU_I001;BSc Ledelse & MSc Innovasjon;1150;86.67;Kategori 1 (54 550 NOK);22.1
202604;HHU_I002;BSc / MSc Rettsvitenskap;1020;76.67;Kategori 1 (54 550 NOK);21.25
202604;HHU_I003;BSc / MSc Økonomi & Siviløkonom;1280;96.67;Kategori 1 (54 550 NOK);23.27
202604;TEK_001;Ingeniør & Realfag;3210;245.0;Kategori 2 (81 800 NOK);13.95
202604;HEL_001;Helse & Sykepleie;3100;237.5;Kategori 2 (81 800 NOK);15.9
202604;SAM_001;Samfunnsvitenskap;2320;175.83;Kategori 1 (54 550 NOK);20.17
202604;HUM_001;Humaniora & Lærer;1920;144.17;Kategori 1 (54 550 NOK);20.21
202605;HHU_I001;BSc Ledelse & MSc Innovasjon;1150;86.67;Kategori 1 (54 550 NOK);22.1
202605;HHU_I002;BSc / MSc Rettsvitenskap;1020;76.67;Kategori 1 (54 550 NOK);21.25
202605;HHU_I003;BSc / MSc Økonomi & Siviløkonom;1280;96.67;Kategori 1 (54 550 NOK);23.27
202605;TEK_001;Ingeniør & Realfag;3210;245.0;Kategori 2 (81 800 NOK);13.95
202605;HEL_001;Helse & Sykepleie;3100;237.5;Kategori 2 (81 800 NOK);15.9
202605;SAM_001;Samfunnsvitenskap;2320;175.83;Kategori 1 (54 550 NOK);20.17
202605;HUM_001;Humaniora & Lærer;1920;144.17;Kategori 1 (54 550 NOK);20.21
202606;HHU_I001;BSc Ledelse & MSc Innovasjon;1150;86.67;Kategori 1 (54 550 NOK);22.1
202606;HHU_I002;BSc / MSc Rettsvitenskap;1020;76.67;Kategori 1 (54 550 NOK);21.25
202606;HHU_I003;BSc / MSc Økonomi & Siviløkonom;1280;96.67;Kategori 1 (54 550 NOK);23.27
202606;TEK_001;Ingeniør & Realfag;3210;245.0;Kategori 2 (81 800 NOK);13.95
202606;HEL_001;Helse & Sykepleie;3100;237.5;Kategori 2 (81 800 NOK);15.9
202606;SAM_001;Samfunnsvitenskap;2320;175.83;Kategori 1 (54 550 NOK);20.17
202606;HUM_001;Humaniora & Lærer;1920;144.17;Kategori 1 (54 550 NOK);20.21
202607;HHU_I001;BSc Ledelse & MSc Innovasjon;1150;86.67;Kategori 1 (54 550 NOK);22.1
202607;HHU_I002;BSc / MSc Rettsvitenskap;1020;76.67;Kategori 1 (54 550 NOK);21.25
202607;HHU_I003;BSc / MSc Økonomi & Siviløkonom;1280;96.67;Kategori 1 (54 550 NOK);23.27
202607;TEK_001;Ingeniør & Realfag;3210;245.0;Kategori 2 (81 800 NOK);13.95
202607;HEL_001;Helse & Sykepleie;3100;237.5;Kategori 2 (81 800 NOK);15.9
202607;SAM_001;Samfunnsvitenskap;2320;175.83;Kategori 1 (54 550 NOK);20.17
202607;HUM_001;Humaniora & Lærer;1920;144.17;Kategori 1 (54 550 NOK);20.21
202608;HHU_I001;BSc Ledelse & MSc Innovasjon;1150;86.67;Kategori 1 (54 550 NOK);22.1
202608;HHU_I002;BSc / MSc Rettsvitenskap;1020;76.67;Kategori 1 (54 550 NOK);21.25
202608;HHU_I003;BSc / MSc Økonomi & Siviløkonom;1280;96.67;Kategori 1 (54 550 NOK);23.27
202608;TEK_001;Ingeniør & Realfag;3210;245.0;Kategori 2 (81 800 NOK);13.95
202608;HEL_001;Helse & Sykepleie;3100;237.5;Kategori 2 (81 800 NOK);15.9
202608;SAM_001;Samfunnsvitenskap;2320;175.83;Kategori 1 (54 550 NOK);20.17
202608;HUM_001;Humaniora & Lærer;1920;144.17;Kategori 1 (54 550 NOK);20.21
202609;HHU_I001;BSc Ledelse & MSc Innovasjon;1150;86.67;Kategori 1 (54 550 NOK);22.1
202609;HHU_I002;BSc / MSc Rettsvitenskap;1020;76.67;Kategori 1 (54 550 NOK);21.25
202609;HHU_I003;BSc / MSc Økonomi & Siviløkonom;1280;96.67;Kategori 1 (54 550 NOK);23.27
202609;TEK_001;Ingeniør & Realfag;3210;245.0;Kategori 2 (81 800 NOK);13.95
202609;HEL_001;Helse & Sykepleie;3100;237.5;Kategori 2 (81 800 NOK);15.9
202609;SAM_001;Samfunnsvitenskap;2320;175.83;Kategori 1 (54 550 NOK);20.17
202609;HUM_001;Humaniora & Lærer;1920;144.17;Kategori 1 (54 550 NOK);20.21
202610;HHU_I001;BSc Ledelse & MSc Innovasjon;1150;86.67;Kategori 1 (54 550 NOK);22.1
202610;HHU_I002;BSc / MSc Rettsvitenskap;1020;76.67;Kategori 1 (54 550 NOK);21.25
202610;HHU_I003;BSc / MSc Økonomi & Siviløkonom;1280;96.67;Kategori 1 (54 550 NOK);23.27
202610;TEK_001;Ingeniør & Realfag;3210;245.0;Kategori 2 (81 800 NOK);13.95
202610;HEL_001;Helse & Sykepleie;3100;237.5;Kategori 2 (81 800 NOK);15.9
202610;SAM_001;Samfunnsvitenskap;2320;175.83;Kategori 1 (54 550 NOK);20.17
202610;HUM_001;Humaniora & Lærer;1920;144.17;Kategori 1 (54 550 NOK);20.21
202611;HHU_I001;BSc Ledelse & MSc Innovasjon;1150;86.67;Kategori 1 (54 550 NOK);22.1
202611;HHU_I002;BSc / MSc Rettsvitenskap;1020;76.67;Kategori 1 (54 550 NOK);21.25
202611;HHU_I003;BSc / MSc Økonomi & Siviløkonom;1280;96.67;Kategori 1 (54 550 NOK);23.27
202611;TEK_001;Ingeniør & Realfag;3210;245.0;Kategori 2 (81 800 NOK);13.95
202611;HEL_001;Helse & Sykepleie;3100;237.5;Kategori 2 (81 800 NOK);15.9
202611;SAM_001;Samfunnsvitenskap;2320;175.83;Kategori 1 (54 550 NOK);20.17
202611;HUM_001;Humaniora & Lærer;1920;144.17;Kategori 1 (54 550 NOK);20.21
202612;HHU_I001;BSc Ledelse & MSc Innovasjon;1150;86.67;Kategori 1 (54 550 NOK);22.1
202612;HHU_I002;BSc / MSc Rettsvitenskap;1020;76.67;Kategori 1 (54 550 NOK);21.25
202612;HHU_I003;BSc / MSc Økonomi & Siviløkonom;1280;96.67;Kategori 1 (54 550 NOK);23.27
202612;TEK_001;Ingeniør & Realfag;3210;245.0;Kategori 2 (81 800 NOK);13.95
202612;HEL_001;Helse & Sykepleie;3100;237.5;Kategori 2 (81 800 NOK);15.9
202612;SAM_001;Samfunnsvitenskap;2320;175.83;Kategori 1 (54 550 NOK);20.17
202612;HUM_001;Humaniora & Lærer;1920;144.17;Kategori 1 (54 550 NOK);20.21
