DatoNokkel;Aar;MaanedNummer;MaanedNavn;MaanedNavnKort;Kvartal;ErActualYTD;PeriodeBeskrivelse
202601;2026;1;Januar;Jan;Q1;True;Actual YTD (M01-M09)
202602;2026;2;Februar;Feb;Q1;True;Actual YTD (M01-M09)
202603;2026;3;Mars;Mar;Q1;True;Actual YTD (M01-M09)
202604;2026;4;April;Apr;Q2;True;Actual YTD (M01-M09)
202605;2026;5;Mai;Mai;Q2;True;Actual YTD (M01-M09)
202606;2026;6;Juni;Jun;Q2;True;Actual YTD (M01-M09)
202607;2026;7;Juli;Jul;Q3;True;Actual YTD (M01-M09)
202608;2026;8;August;Aug;Q3;True;Actual YTD (M01-M09)
202609;2026;9;September;Sep;Q3;True;Actual YTD (M01-M09)
202610;2026;10;Oktober;Okt;Q4;False;Forecast Q4 (M10-M12)
202611;2026;11;November;Nov;Q4;False;Forecast Q4 (M10-M12)
202612;2026;12;Desember;Des;Q4;False;Forecast Q4 (M10-M12)
