FTENokkel;DatoNokkel;OrgKode;Budsjettert_Aarsverk;Vakans_Aarsverk;Aarsverk_Totalt;Aarsverk_UF;Aarsverk_TA;Antall_Ansatte;Maanedlig_Lonnskostnad;Lennsandel_Pct
FTE2027_20270131_K10000;20270131;K10000;30;1.05;28.95;5;25;32;1737000.0;0.639
FTE2027_20270131_K11000;20270131;K11000;63;2.21;60.79;45;18;68;4255300.0;0.639
FTE2027_20270131_K12000;20270131;K12000;50;1.75;48.25;38;12;54;3457916.67;0.639
FTE2027_20270131_K13000;20270131;K13000;87;3.05;83.95;67;20;94;6226291.67;0.639
FTE2027_20270228_K10000;20270228;K10000;30;1.05;28.95;5;25;32;1737000.0;0.639
FTE2027_20270228_K11000;20270228;K11000;63;2.21;60.79;45;18;68;4255300.0;0.639
FTE2027_20270228_K12000;20270228;K12000;50;1.75;48.25;38;12;54;3457916.67;0.639
FTE2027_20270228_K13000;20270228;K13000;87;3.05;83.95;67;20;94;6226291.67;0.639
FTE2027_20270331_K10000;20270331;K10000;30;1.05;28.95;5;25;32;1737000.0;0.639
FTE2027_20270331_K11000;20270331;K11000;63;2.21;60.79;45;18;68;4255300.0;0.639
FTE2027_20270331_K12000;20270331;K12000;50;1.75;48.25;38;12;54;3457916.67;0.639
FTE2027_20270331_K13000;20270331;K13000;87;3.05;83.95;67;20;94;6226291.67;0.639
FTE2027_20270430_K10000;20270430;K10000;30;1.05;28.95;5;25;32;1737000.0;0.639
FTE2027_20270430_K11000;20270430;K11000;63;2.21;60.79;45;18;68;4255300.0;0.639
FTE2027_20270430_K12000;20270430;K12000;50;1.75;48.25;38;12;54;3457916.67;0.639
FTE2027_20270430_K13000;20270430;K13000;87;3.05;83.95;67;20;94;6226291.67;0.639
FTE2027_20270531_K10000;20270531;K10000;30;1.05;28.95;5;25;32;1737000.0;0.639
FTE2027_20270531_K11000;20270531;K11000;63;2.21;60.79;45;18;68;4255300.0;0.639
FTE2027_20270531_K12000;20270531;K12000;50;1.75;48.25;38;12;54;3457916.67;0.639
FTE2027_20270531_K13000;20270531;K13000;87;3.05;83.95;67;20;94;6226291.67;0.639
FTE2027_20270630_K10000;20270630;K10000;30;1.05;28.95;5;25;32;1737000.0;0.639
FTE2027_20270630_K11000;20270630;K11000;63;2.21;60.79;45;18;68;4255300.0;0.639
FTE2027_20270630_K12000;20270630;K12000;50;1.75;48.25;38;12;54;3457916.67;0.639
FTE2027_20270630_K13000;20270630;K13000;87;3.05;83.95;67;20;94;6226291.67;0.639
FTE2027_20270731_K10000;20270731;K10000;30;1.05;28.95;5;25;32;1737000.0;0.639
FTE2027_20270731_K11000;20270731;K11000;63;2.21;60.79;45;18;68;4255300.0;0.639
FTE2027_20270731_K12000;20270731;K12000;50;1.75;48.25;38;12;54;3457916.67;0.639
FTE2027_20270731_K13000;20270731;K13000;87;3.05;83.95;67;20;94;6226291.67;0.639
FTE2027_20270831_K10000;20270831;K10000;30;1.05;28.95;5;25;32;1737000.0;0.639
FTE2027_20270831_K11000;20270831;K11000;63;2.21;60.79;45;18;68;4255300.0;0.639
FTE2027_20270831_K12000;20270831;K12000;50;1.75;48.25;38;12;54;3457916.67;0.639
FTE2027_20270831_K13000;20270831;K13000;87;3.05;83.95;67;20;94;6226291.67;0.639
FTE2027_20270930_K10000;20270930;K10000;30;1.05;28.95;5;25;32;1737000.0;0.639
FTE2027_20270930_K11000;20270930;K11000;63;2.21;60.79;45;18;68;4255300.0;0.639
FTE2027_20270930_K12000;20270930;K12000;50;1.75;48.25;38;12;54;3457916.67;0.639
FTE2027_20270930_K13000;20270930;K13000;87;3.05;83.95;67;20;94;6226291.67;0.639
FTE2027_20271031_K10000;20271031;K10000;30;1.05;28.95;5;25;32;1737000.0;0.639
FTE2027_20271031_K11000;20271031;K11000;63;2.21;60.79;45;18;68;4255300.0;0.639
FTE2027_20271031_K12000;20271031;K12000;50;1.75;48.25;38;12;54;3457916.67;0.639
FTE2027_20271031_K13000;20271031;K13000;87;3.05;83.95;67;20;94;6226291.67;0.639
FTE2027_20271130_K10000;20271130;K10000;30;1.05;28.95;5;25;32;1737000.0;0.639
FTE2027_20271130_K11000;20271130;K11000;63;2.21;60.79;45;18;68;4255300.0;0.639
FTE2027_20271130_K12000;20271130;K12000;50;1.75;48.25;38;12;54;3457916.67;0.639
FTE2027_20271130_K13000;20271130;K13000;87;3.05;83.95;67;20;94;6226291.67;0.639
FTE2027_20271231_K10000;20271231;K10000;30;1.05;28.95;5;25;32;1737000.0;0.639
FTE2027_20271231_K11000;20271231;K11000;63;2.21;60.79;45;18;68;4255300.0;0.639
FTE2027_20271231_K12000;20271231;K12000;50;1.75;48.25;38;12;54;3457916.67;0.639
FTE2027_20271231_K13000;20271231;K13000;87;3.05;83.95;67;20;94;6226291.67;0.639
