DatoNokkel;OrgKode;Budsjettansvarsområde;BudsjettansvarligLeder;Aarsverk_UF;Aarsverk_TA;Aarsverk_Totalt;Budsjettert_Aarsverk;Vakans_Aarsverk;Antall_Ansatte;Vakansgrad_Pct
202601;K10000;HHU Fakultetsadministrasjon & Felles;Fakultetsdirektør Kristian Jørgensen;0.0;21.5;21.5;22.0;0.5;24;2.27
202602;K10000;HHU Fakultetsadministrasjon & Felles;Fakultetsdirektør Kristian Jørgensen;0.0;21.5;21.5;22.0;0.5;24;2.27
202603;K10000;HHU Fakultetsadministrasjon & Felles;Fakultetsdirektør Kristian Jørgensen;0.0;21.5;21.5;22.0;0.5;24;2.27
202604;K10000;HHU Fakultetsadministrasjon & Felles;Fakultetsdirektør Kristian Jørgensen;0.0;21.5;21.5;22.0;0.5;24;2.27
202605;K10000;HHU Fakultetsadministrasjon & Felles;Fakultetsdirektør Kristian Jørgensen;0.0;21.5;21.5;22.0;0.5;24;2.27
202606;K10000;HHU Fakultetsadministrasjon & Felles;Fakultetsdirektør Kristian Jørgensen;0.0;21.5;21.5;22.0;0.5;24;2.27
202607;K10000;HHU Fakultetsadministrasjon & Felles;Fakultetsdirektør Kristian Jørgensen;0.0;22.0;22.0;22.0;0.0;24;0.0
202608;K10000;HHU Fakultetsadministrasjon & Felles;Fakultetsdirektør Kristian Jørgensen;0.0;22.0;22.0;22.0;0.0;24;0.0
202609;K10000;HHU Fakultetsadministrasjon & Felles;Fakultetsdirektør Kristian Jørgensen;0.0;22.0;22.0;22.0;0.0;24;0.0
202610;K10000;HHU Fakultetsadministrasjon & Felles;Fakultetsdirektør Kristian Jørgensen;0.0;22.0;22.0;22.0;0.0;24;0.0
202611;K10000;HHU Fakultetsadministrasjon & Felles;Fakultetsdirektør Kristian Jørgensen;0.0;22.0;22.0;22.0;0.0;24;0.0
202612;K10000;HHU Fakultetsadministrasjon & Felles;Fakultetsdirektør Kristian Jørgensen;0.0;22.0;22.0;22.0;0.0;24;0.0
202601;K11000;Institutt for ledelse og innovasjon;Instituttleder Ledelse;45.0;18.0;63.0;63.0;0.0;68;0.0
202602;K11000;Institutt for ledelse og innovasjon;Instituttleder Ledelse;45.0;18.0;63.0;63.0;0.0;68;0.0
202603;K11000;Institutt for ledelse og innovasjon;Instituttleder Ledelse;45.0;18.0;63.0;63.0;0.0;68;0.0
202604;K11000;Institutt for ledelse og innovasjon;Instituttleder Ledelse;45.0;18.0;63.0;63.0;0.0;68;0.0
202605;K11000;Institutt for ledelse og innovasjon;Instituttleder Ledelse;45.0;18.0;63.0;63.0;0.0;68;0.0
202606;K11000;Institutt for ledelse og innovasjon;Instituttleder Ledelse;45.0;18.0;63.0;63.0;0.0;68;0.0
202607;K11000;Institutt for ledelse og innovasjon;Instituttleder Ledelse;45.0;18.0;63.0;63.0;0.0;68;0.0
202608;K11000;Institutt for ledelse og innovasjon;Instituttleder Ledelse;45.0;18.0;63.0;63.0;0.0;68;0.0
202609;K11000;Institutt for ledelse og innovasjon;Instituttleder Ledelse;45.0;18.0;63.0;63.0;0.0;68;0.0
202610;K11000;Institutt for ledelse og innovasjon;Instituttleder Ledelse;45.0;18.0;63.0;63.0;0.0;68;0.0
202611;K11000;Institutt for ledelse og innovasjon;Instituttleder Ledelse;45.0;18.0;63.0;63.0;0.0;68;0.0
202612;K11000;Institutt for ledelse og innovasjon;Instituttleder Ledelse;45.0;18.0;63.0;63.0;0.0;68;0.0
202601;K12000;Institutt for rettsvitenskap;Instituttleder Ole Dag Rike;35.0;12.0;47.0;48.0;1.0;50;2.08
202602;K12000;Institutt for rettsvitenskap;Instituttleder Ole Dag Rike;35.0;12.0;47.0;48.0;1.0;50;2.08
202603;K12000;Institutt for rettsvitenskap;Instituttleder Ole Dag Rike;35.0;12.0;47.0;48.0;1.0;50;2.08
202604;K12000;Institutt for rettsvitenskap;Instituttleder Ole Dag Rike;34.0;12.0;46.0;48.0;2.0;50;4.17
202605;K12000;Institutt for rettsvitenskap;Instituttleder Ole Dag Rike;34.0;12.0;46.0;48.0;2.0;50;4.17
202606;K12000;Institutt for rettsvitenskap;Instituttleder Ole Dag Rike;34.0;12.0;46.0;48.0;2.0;50;4.17
202607;K12000;Institutt for rettsvitenskap;Instituttleder Ole Dag Rike;34.0;12.0;46.0;48.0;2.0;50;4.17
202608;K12000;Institutt for rettsvitenskap;Instituttleder Ole Dag Rike;34.0;12.0;46.0;48.0;2.0;50;4.17
202609;K12000;Institutt for rettsvitenskap;Instituttleder Ole Dag Rike;34.0;12.0;46.0;48.0;2.0;50;4.17
202610;K12000;Institutt for rettsvitenskap;Instituttleder Ole Dag Rike;34.0;12.0;46.0;48.0;2.0;50;4.17
202611;K12000;Institutt for rettsvitenskap;Instituttleder Ole Dag Rike;34.0;12.0;46.0;48.0;2.0;50;4.17
202612;K12000;Institutt for rettsvitenskap;Instituttleder Ole Dag Rike;34.0;12.0;46.0;48.0;2.0;50;4.17
202601;K13000;Institutt for økonomi;Instituttleder Økonomi;75.0;23.0;98.0;97.0;-1.0;110;-1.03
202602;K13000;Institutt for økonomi;Instituttleder Økonomi;75.0;23.0;98.0;97.0;-1.0;110;-1.03
202603;K13000;Institutt for økonomi;Instituttleder Økonomi;75.0;23.0;98.0;97.0;-1.0;110;-1.03
202604;K13000;Institutt for økonomi;Instituttleder Økonomi;75.0;23.0;98.0;97.0;-1.0;110;-1.03
202605;K13000;Institutt for økonomi;Instituttleder Økonomi;75.0;23.0;98.0;97.0;-1.0;110;-1.03
202606;K13000;Institutt for økonomi;Instituttleder Økonomi;75.0;23.0;98.0;97.0;-1.0;110;-1.03
202607;K13000;Institutt for økonomi;Instituttleder Økonomi;75.0;23.0;98.0;97.0;-1.0;110;-1.03
202608;K13000;Institutt for økonomi;Instituttleder Økonomi;75.0;23.0;98.0;97.0;-1.0;110;-1.03
202609;K13000;Institutt for økonomi;Instituttleder Økonomi;75.0;23.0;98.0;97.0;-1.0;110;-1.03
202610;K13000;Institutt for økonomi;Instituttleder Økonomi;75.0;23.0;98.0;97.0;-1.0;110;-1.03
202611;K13000;Institutt for økonomi;Instituttleder Økonomi;75.0;23.0;98.0;97.0;-1.0;110;-1.03
202612;K13000;Institutt for økonomi;Instituttleder Økonomi;75.0;23.0;98.0;97.0;-1.0;110;-1.03
