DatoNokkel;BAC_BudgetAtCompletion;PlannedValue_PV;EarnedValue_EV;ActualCost_AC;EstimateAtCompletion_EAC;EstimateToComplete_ETC;VarianceAtCompletion_VAC;CostPerformanceIndex_CPI;SchedulePerformanceIndex_SPI
202601;130153825;10846152.08;10520767.52;11063075.12;131450000;120386924.88;-1296175;0.951;0.97
202602;130153825;21692304.17;21041535.04;22126150.25;131450000;109323849.75;-1296175;0.951;0.97
202603;130153825;32538456.25;31562302.56;33189225.38;131450000;98260774.62;-1296175;0.951;0.97
202604;130153825;43384608.33;42083070.08;44252300.5;131450000;87197699.5;-1296175;0.951;0.97
202605;130153825;54230760.42;52603837.61;55315375.63;131450000;76134624.37;-1296175;0.951;0.97
202606;130153825;65076912.5;63124605.12;66378450.75;131450000;65071549.25;-1296175;0.951;0.97
202607;130153825;75923064.58;73645372.64;77441525.87;131450000;54008474.13;-1296175;0.951;0.97
202608;130153825;86769216.67;84166140.17;88504601.0;131450000;42945399.0;-1296175;0.951;0.97
202609;130153825;97615368.75;94686907.69;99567676.12;131450000;31882323.88;-1296175;0.951;0.97
202610;130153825;108461520.83;106292290.41;109546136.04;131450000;21903863.96;-1296175;0.97;0.98
202611;130153825;119307672.92;116921519.46;120500749.65;131450000;10949250.35;-1296175;0.97;0.98
202612;130153825;130153825.0;127550748.5;131455363.25;131450000;-5363.25;-1296175;0.97;0.98
