StudentNokkel;DatoNokkel;OrgKode;Studieprogram;RegistrerteStudenter;SPE60_Baseline_2025;SPE60_Vekst_2025;SPE60;KDKategori;KDSats_NOK;KD_Marginal_Inntekt_2027;Studenter_pr_UF
STUD2027_20270131_K11000;20270131;K11000;Master Org. & Ledelse / MKT;1150;1040;10;1050;Kategori 1;54550;545500;25.6
STUD2027_20270131_K12000;20270131;K12000;Master & Bachelor i Rettsvitenskap;850;780;8;788;Kategori 1;54550;436400;22.4
STUD2027_20270131_K13000;20270131;K13000;Siviløkonom / Øk.Ad / Ph.D.;1450;1300;15;1315;Kategori 1;54550;818250;21.6
STUD2027_20270430_K11000;20270430;K11000;Master Org. & Ledelse / MKT;1150;1040;10;1050;Kategori 1;54550;545500;25.6
STUD2027_20270430_K12000;20270430;K12000;Master & Bachelor i Rettsvitenskap;850;780;8;788;Kategori 1;54550;436400;22.4
STUD2027_20270430_K13000;20270430;K13000;Siviløkonom / Øk.Ad / Ph.D.;1450;1300;15;1315;Kategori 1;54550;818250;21.6
STUD2027_20270731_K11000;20270731;K11000;Master Org. & Ledelse / MKT;1150;1040;10;1050;Kategori 1;54550;545500;25.6
STUD2027_20270731_K12000;20270731;K12000;Master & Bachelor i Rettsvitenskap;850;780;8;788;Kategori 1;54550;436400;22.4
STUD2027_20270731_K13000;20270731;K13000;Siviløkonom / Øk.Ad / Ph.D.;1450;1300;15;1315;Kategori 1;54550;818250;21.6
STUD2027_20271031_K11000;20271031;K11000;Master Org. & Ledelse / MKT;1150;1040;10;1050;Kategori 1;54550;545500;25.6
STUD2027_20271031_K12000;20271031;K12000;Master & Bachelor i Rettsvitenskap;850;780;8;788;Kategori 1;54550;436400;22.4
STUD2027_20271031_K13000;20271031;K13000;Siviløkonom / Øk.Ad / Ph.D.;1450;1300;15;1315;Kategori 1;54550;818250;21.6
