OrgKode;Konto;Avviksdriver;BudsjettBelop;PrognoseLE;AvvikBelop;AvvikProsent;RAG_Status
K13000;5000;Fast lønn;28074218.0;29056814.0;-982596.0;-0.03499994193961164;🟡 Moderat
K12000;5000;Fast lønn;16965000.0;16286400.0;678600.0;0.04;🟢 Favorabel
K13000;5080;Feriepenger;3388268.0;2980829.0;407439.0;0.12024993300411892;🟢 Favorabel
K11000;5080;Feriepenger;2695000.0;2290746.0;404254.0;0.15000148423005566;🟢 Favorabel
K12000;5080;Feriepenger;2047500.0;1670760.0;376740.0;0.184;🟢 Favorabel
K11000;7790;EVU001 tapsavsetning;0.0;350000.0;-350000.0;-1.0;🔴 Kritisk
K10000;5080;Feriepenger;980000.0;833001.0;146999.0;0.14999897959183672;🟢 Favorabel
K13000;5400;Arbeidsgiveravgift;3872306.0;4007834.0;-135528.0;-0.0349993001586135;🟡 Moderat
K12000;5400;Arbeidsgiveravgift;2340000.0;2246400.0;93600.0;0.04;🟢 Favorabel
K10000;6700;AACSB konsulentkostnad;420000.0;479500.0;-59500.0;-0.14166666666666666;🔴 Kritisk
K11000;5100;Midlertidig lønn / timelærere;1540000.0;1597750.0;-57750.0;-0.0375;🟡 Moderat
