DatoNokkel;OrgKode;Konto;VersjonKode;BudsjettBelop;Budsjettansvarsområde;BudsjettansvarligLeder
202601;K10000;5000;BUD2026;676666;Fakultetsadministrasjon;Fakultetsdirektør Kristian Jørgensen
202602;K10000;5000;BUD2026;676666;Fakultetsadministrasjon;Fakultetsdirektør Kristian Jørgensen
202603;K10000;5000;BUD2026;676666;Fakultetsadministrasjon;Fakultetsdirektør Kristian Jørgensen
202604;K10000;5000;BUD2026;676666;Fakultetsadministrasjon;Fakultetsdirektør Kristian Jørgensen
202605;K10000;5000;BUD2026;676666;Fakultetsadministrasjon;Fakultetsdirektør Kristian Jørgensen
202606;K10000;5000;BUD2026;676666;Fakultetsadministrasjon;Fakultetsdirektør Kristian Jørgensen
202607;K10000;5000;BUD2026;676666;Fakultetsadministrasjon;Fakultetsdirektør Kristian Jørgensen
202608;K10000;5000;BUD2026;676666;Fakultetsadministrasjon;Fakultetsdirektør Kristian Jørgensen
202609;K10000;5000;BUD2026;676666;Fakultetsadministrasjon;Fakultetsdirektør Kristian Jørgensen
202610;K10000;5000;BUD2026;676666;Fakultetsadministrasjon;Fakultetsdirektør Kristian Jørgensen
202611;K10000;5000;BUD2026;676666;Fakultetsadministrasjon;Fakultetsdirektør Kristian Jørgensen
202612;K10000;5000;BUD2026;676674;Fakultetsadministrasjon;Fakultetsdirektør Kristian Jørgensen
202601;K10000;5080;BUD2026;81666;Fakultetsadministrasjon;Fakultetsdirektør Kristian Jørgensen
202602;K10000;5080;BUD2026;81666;Fakultetsadministrasjon;Fakultetsdirektør Kristian Jørgensen
202603;K10000;5080;BUD2026;81666;Fakultetsadministrasjon;Fakultetsdirektør Kristian Jørgensen
202604;K10000;5080;BUD2026;81666;Fakultetsadministrasjon;Fakultetsdirektør Kristian Jørgensen
202605;K10000;5080;BUD2026;81666;Fakultetsadministrasjon;Fakultetsdirektør Kristian Jørgensen
202606;K10000;5080;BUD2026;81666;Fakultetsadministrasjon;Fakultetsdirektør Kristian Jørgensen
202607;K10000;5080;BUD2026;81666;Fakultetsadministrasjon;Fakultetsdirektør Kristian Jørgensen
202608;K10000;5080;BUD2026;81666;Fakultetsadministrasjon;Fakultetsdirektør Kristian Jørgensen
202609;K10000;5080;BUD2026;81666;Fakultetsadministrasjon;Fakultetsdirektør Kristian Jørgensen
202610;K10000;5080;BUD2026;81666;Fakultetsadministrasjon;Fakultetsdirektør Kristian Jørgensen
202611;K10000;5080;BUD2026;81666;Fakultetsadministrasjon;Fakultetsdirektør Kristian Jørgensen
202612;K10000;5080;BUD2026;81674;Fakultetsadministrasjon;Fakultetsdirektør Kristian Jørgensen
202601;K10000;5400;BUD2026;93333;Fakultetsadministrasjon;Fakultetsdirektør Kristian Jørgensen
202602;K10000;5400;BUD2026;93333;Fakultetsadministrasjon;Fakultetsdirektør Kristian Jørgensen
202603;K10000;5400;BUD2026;93333;Fakultetsadministrasjon;Fakultetsdirektør Kristian Jørgensen
202604;K10000;5400;BUD2026;93333;Fakultetsadministrasjon;Fakultetsdirektør Kristian Jørgensen
202605;K10000;5400;BUD2026;93333;Fakultetsadministrasjon;Fakultetsdirektør Kristian Jørgensen
202606;K10000;5400;BUD2026;93333;Fakultetsadministrasjon;Fakultetsdirektør Kristian Jørgensen
202607;K10000;5400;BUD2026;93333;Fakultetsadministrasjon;Fakultetsdirektør Kristian Jørgensen
202608;K10000;5400;BUD2026;93333;Fakultetsadministrasjon;Fakultetsdirektør Kristian Jørgensen
202609;K10000;5400;BUD2026;93333;Fakultetsadministrasjon;Fakultetsdirektør Kristian Jørgensen
202610;K10000;5400;BUD2026;93333;Fakultetsadministrasjon;Fakultetsdirektør Kristian Jørgensen
202611;K10000;5400;BUD2026;93333;Fakultetsadministrasjon;Fakultetsdirektør Kristian Jørgensen
202612;K10000;5400;BUD2026;93337;Fakultetsadministrasjon;Fakultetsdirektør Kristian Jørgensen
202601;K10000;5420;BUD2026;70000;Fakultetsadministrasjon;Fakultetsdirektør Kristian Jørgensen
202602;K10000;5420;BUD2026;70000;Fakultetsadministrasjon;Fakultetsdirektør Kristian Jørgensen
202603;K10000;5420;BUD2026;70000;Fakultetsadministrasjon;Fakultetsdirektør Kristian Jørgensen
202604;K10000;5420;BUD2026;70000;Fakultetsadministrasjon;Fakultetsdirektør Kristian Jørgensen
202605;K10000;5420;BUD2026;70000;Fakultetsadministrasjon;Fakultetsdirektør Kristian Jørgensen
202606;K10000;5420;BUD2026;70000;Fakultetsadministrasjon;Fakultetsdirektør Kristian Jørgensen
202607;K10000;5420;BUD2026;70000;Fakultetsadministrasjon;Fakultetsdirektør Kristian Jørgensen
202608;K10000;5420;BUD2026;70000;Fakultetsadministrasjon;Fakultetsdirektør Kristian Jørgensen
202609;K10000;5420;BUD2026;70000;Fakultetsadministrasjon;Fakultetsdirektør Kristian Jørgensen
202610;K10000;5420;BUD2026;70000;Fakultetsadministrasjon;Fakultetsdirektør Kristian Jørgensen
202611;K10000;5420;BUD2026;70000;Fakultetsadministrasjon;Fakultetsdirektør Kristian Jørgensen
202612;K10000;5420;BUD2026;70000;Fakultetsadministrasjon;Fakultetsdirektør Kristian Jørgensen
202601;K10000;5100;BUD2026;46666;Fakultetsadministrasjon;Fakultetsdirektør Kristian Jørgensen
202602;K10000;5100;BUD2026;46666;Fakultetsadministrasjon;Fakultetsdirektør Kristian Jørgensen
202603;K10000;5100;BUD2026;46666;Fakultetsadministrasjon;Fakultetsdirektør Kristian Jørgensen
202604;K10000;5100;BUD2026;46666;Fakultetsadministrasjon;Fakultetsdirektør Kristian Jørgensen
202605;K10000;5100;BUD2026;46666;Fakultetsadministrasjon;Fakultetsdirektør Kristian Jørgensen
202606;K10000;5100;BUD2026;46666;Fakultetsadministrasjon;Fakultetsdirektør Kristian Jørgensen
202607;K10000;5100;BUD2026;46666;Fakultetsadministrasjon;Fakultetsdirektør Kristian Jørgensen
202608;K10000;5100;BUD2026;46666;Fakultetsadministrasjon;Fakultetsdirektør Kristian Jørgensen
202609;K10000;5100;BUD2026;46666;Fakultetsadministrasjon;Fakultetsdirektør Kristian Jørgensen
202610;K10000;5100;BUD2026;46666;Fakultetsadministrasjon;Fakultetsdirektør Kristian Jørgensen
202611;K10000;5100;BUD2026;46666;Fakultetsadministrasjon;Fakultetsdirektør Kristian Jørgensen
202612;K10000;5100;BUD2026;46674;Fakultetsadministrasjon;Fakultetsdirektør Kristian Jørgensen
202601;K10000;6300;BUD2026;93333;Fakultetsadministrasjon;Fakultetsdirektør Kristian Jørgensen
202602;K10000;6300;BUD2026;93333;Fakultetsadministrasjon;Fakultetsdirektør Kristian Jørgensen
202603;K10000;6300;BUD2026;93333;Fakultetsadministrasjon;Fakultetsdirektør Kristian Jørgensen
202604;K10000;6300;BUD2026;93333;Fakultetsadministrasjon;Fakultetsdirektør Kristian Jørgensen
202605;K10000;6300;BUD2026;93333;Fakultetsadministrasjon;Fakultetsdirektør Kristian Jørgensen
202606;K10000;6300;BUD2026;93333;Fakultetsadministrasjon;Fakultetsdirektør Kristian Jørgensen
202607;K10000;6300;BUD2026;93333;Fakultetsadministrasjon;Fakultetsdirektør Kristian Jørgensen
202608;K10000;6300;BUD2026;93333;Fakultetsadministrasjon;Fakultetsdirektør Kristian Jørgensen
202609;K10000;6300;BUD2026;93333;Fakultetsadministrasjon;Fakultetsdirektør Kristian Jørgensen
202610;K10000;6300;BUD2026;93333;Fakultetsadministrasjon;Fakultetsdirektør Kristian Jørgensen
202611;K10000;6300;BUD2026;93333;Fakultetsadministrasjon;Fakultetsdirektør Kristian Jørgensen
202612;K10000;6300;BUD2026;93337;Fakultetsadministrasjon;Fakultetsdirektør Kristian Jørgensen
202601;K10000;6550;BUD2026;35000;Fakultetsadministrasjon;Fakultetsdirektør Kristian Jørgensen
202602;K10000;6550;BUD2026;35000;Fakultetsadministrasjon;Fakultetsdirektør Kristian Jørgensen
202603;K10000;6550;BUD2026;35000;Fakultetsadministrasjon;Fakultetsdirektør Kristian Jørgensen
202604;K10000;6550;BUD2026;35000;Fakultetsadministrasjon;Fakultetsdirektør Kristian Jørgensen
202605;K10000;6550;BUD2026;35000;Fakultetsadministrasjon;Fakultetsdirektør Kristian Jørgensen
202606;K10000;6550;BUD2026;35000;Fakultetsadministrasjon;Fakultetsdirektør Kristian Jørgensen
202607;K10000;6550;BUD2026;35000;Fakultetsadministrasjon;Fakultetsdirektør Kristian Jørgensen
202608;K10000;6550;BUD2026;35000;Fakultetsadministrasjon;Fakultetsdirektør Kristian Jørgensen
202609;K10000;6550;BUD2026;35000;Fakultetsadministrasjon;Fakultetsdirektør Kristian Jørgensen
202610;K10000;6550;BUD2026;35000;Fakultetsadministrasjon;Fakultetsdirektør Kristian Jørgensen
202611;K10000;6550;BUD2026;35000;Fakultetsadministrasjon;Fakultetsdirektør Kristian Jørgensen
202612;K10000;6550;BUD2026;35000;Fakultetsadministrasjon;Fakultetsdirektør Kristian Jørgensen
202601;K10000;6700;BUD2026;35000;Fakultetsadministrasjon;Fakultetsdirektør Kristian Jørgensen
202602;K10000;6700;BUD2026;35000;Fakultetsadministrasjon;Fakultetsdirektør Kristian Jørgensen
202603;K10000;6700;BUD2026;35000;Fakultetsadministrasjon;Fakultetsdirektør Kristian Jørgensen
202604;K10000;6700;BUD2026;35000;Fakultetsadministrasjon;Fakultetsdirektør Kristian Jørgensen
202605;K10000;6700;BUD2026;35000;Fakultetsadministrasjon;Fakultetsdirektør Kristian Jørgensen
202606;K10000;6700;BUD2026;35000;Fakultetsadministrasjon;Fakultetsdirektør Kristian Jørgensen
202607;K10000;6700;BUD2026;35000;Fakultetsadministrasjon;Fakultetsdirektør Kristian Jørgensen
202608;K10000;6700;BUD2026;35000;Fakultetsadministrasjon;Fakultetsdirektør Kristian Jørgensen
202609;K10000;6700;BUD2026;35000;Fakultetsadministrasjon;Fakultetsdirektør Kristian Jørgensen
202610;K10000;6700;BUD2026;35000;Fakultetsadministrasjon;Fakultetsdirektør Kristian Jørgensen
202611;K10000;6700;BUD2026;35000;Fakultetsadministrasjon;Fakultetsdirektør Kristian Jørgensen
202612;K10000;6700;BUD2026;35000;Fakultetsadministrasjon;Fakultetsdirektør Kristian Jørgensen
202601;K10000;7130;BUD2026;35000;Fakultetsadministrasjon;Fakultetsdirektør Kristian Jørgensen
202602;K10000;7130;BUD2026;35000;Fakultetsadministrasjon;Fakultetsdirektør Kristian Jørgensen
202603;K10000;7130;BUD2026;35000;Fakultetsadministrasjon;Fakultetsdirektør Kristian Jørgensen
202604;K10000;7130;BUD2026;35000;Fakultetsadministrasjon;Fakultetsdirektør Kristian Jørgensen
202605;K10000;7130;BUD2026;35000;Fakultetsadministrasjon;Fakultetsdirektør Kristian Jørgensen
202606;K10000;7130;BUD2026;35000;Fakultetsadministrasjon;Fakultetsdirektør Kristian Jørgensen
202607;K10000;7130;BUD2026;35000;Fakultetsadministrasjon;Fakultetsdirektør Kristian Jørgensen
202608;K10000;7130;BUD2026;35000;Fakultetsadministrasjon;Fakultetsdirektør Kristian Jørgensen
202609;K10000;7130;BUD2026;35000;Fakultetsadministrasjon;Fakultetsdirektør Kristian Jørgensen
202610;K10000;7130;BUD2026;35000;Fakultetsadministrasjon;Fakultetsdirektør Kristian Jørgensen
202611;K10000;7130;BUD2026;35000;Fakultetsadministrasjon;Fakultetsdirektør Kristian Jørgensen
202612;K10000;7130;BUD2026;35000;Fakultetsadministrasjon;Fakultetsdirektør Kristian Jørgensen
202601;K11000;5000;BUD2026;1860833;Inst. Ledelse & Innovasjon;Instituttleder Ledelse
202602;K11000;5000;BUD2026;1860833;Inst. Ledelse & Innovasjon;Instituttleder Ledelse
202603;K11000;5000;BUD2026;1860833;Inst. Ledelse & Innovasjon;Instituttleder Ledelse
202604;K11000;5000;BUD2026;1860833;Inst. Ledelse & Innovasjon;Instituttleder Ledelse
202605;K11000;5000;BUD2026;1860833;Inst. Ledelse & Innovasjon;Instituttleder Ledelse
202606;K11000;5000;BUD2026;1860833;Inst. Ledelse & Innovasjon;Instituttleder Ledelse
202607;K11000;5000;BUD2026;1860833;Inst. Ledelse & Innovasjon;Instituttleder Ledelse
202608;K11000;5000;BUD2026;1860833;Inst. Ledelse & Innovasjon;Instituttleder Ledelse
202609;K11000;5000;BUD2026;1860833;Inst. Ledelse & Innovasjon;Instituttleder Ledelse
202610;K11000;5000;BUD2026;1860833;Inst. Ledelse & Innovasjon;Instituttleder Ledelse
202611;K11000;5000;BUD2026;1860833;Inst. Ledelse & Innovasjon;Instituttleder Ledelse
202612;K11000;5000;BUD2026;1860837;Inst. Ledelse & Innovasjon;Instituttleder Ledelse
202601;K11000;5080;BUD2026;224583;Inst. Ledelse & Innovasjon;Instituttleder Ledelse
202602;K11000;5080;BUD2026;224583;Inst. Ledelse & Innovasjon;Instituttleder Ledelse
202603;K11000;5080;BUD2026;224583;Inst. Ledelse & Innovasjon;Instituttleder Ledelse
202604;K11000;5080;BUD2026;224583;Inst. Ledelse & Innovasjon;Instituttleder Ledelse
202605;K11000;5080;BUD2026;224583;Inst. Ledelse & Innovasjon;Instituttleder Ledelse
202606;K11000;5080;BUD2026;224583;Inst. Ledelse & Innovasjon;Instituttleder Ledelse
202607;K11000;5080;BUD2026;224583;Inst. Ledelse & Innovasjon;Instituttleder Ledelse
202608;K11000;5080;BUD2026;224583;Inst. Ledelse & Innovasjon;Instituttleder Ledelse
202609;K11000;5080;BUD2026;224583;Inst. Ledelse & Innovasjon;Instituttleder Ledelse
202610;K11000;5080;BUD2026;224583;Inst. Ledelse & Innovasjon;Instituttleder Ledelse
202611;K11000;5080;BUD2026;224583;Inst. Ledelse & Innovasjon;Instituttleder Ledelse
202612;K11000;5080;BUD2026;224587;Inst. Ledelse & Innovasjon;Instituttleder Ledelse
202601;K11000;5400;BUD2026;256666;Inst. Ledelse & Innovasjon;Instituttleder Ledelse
202602;K11000;5400;BUD2026;256666;Inst. Ledelse & Innovasjon;Instituttleder Ledelse
202603;K11000;5400;BUD2026;256666;Inst. Ledelse & Innovasjon;Instituttleder Ledelse
202604;K11000;5400;BUD2026;256666;Inst. Ledelse & Innovasjon;Instituttleder Ledelse
202605;K11000;5400;BUD2026;256666;Inst. Ledelse & Innovasjon;Instituttleder Ledelse
202606;K11000;5400;BUD2026;256666;Inst. Ledelse & Innovasjon;Instituttleder Ledelse
202607;K11000;5400;BUD2026;256666;Inst. Ledelse & Innovasjon;Instituttleder Ledelse
202608;K11000;5400;BUD2026;256666;Inst. Ledelse & Innovasjon;Instituttleder Ledelse
202609;K11000;5400;BUD2026;256666;Inst. Ledelse & Innovasjon;Instituttleder Ledelse
202610;K11000;5400;BUD2026;256666;Inst. Ledelse & Innovasjon;Instituttleder Ledelse
202611;K11000;5400;BUD2026;256666;Inst. Ledelse & Innovasjon;Instituttleder Ledelse
202612;K11000;5400;BUD2026;256674;Inst. Ledelse & Innovasjon;Instituttleder Ledelse
202601;K11000;5420;BUD2026;192500;Inst. Ledelse & Innovasjon;Instituttleder Ledelse
202602;K11000;5420;BUD2026;192500;Inst. Ledelse & Innovasjon;Instituttleder Ledelse
202603;K11000;5420;BUD2026;192500;Inst. Ledelse & Innovasjon;Instituttleder Ledelse
202604;K11000;5420;BUD2026;192500;Inst. Ledelse & Innovasjon;Instituttleder Ledelse
202605;K11000;5420;BUD2026;192500;Inst. Ledelse & Innovasjon;Instituttleder Ledelse
202606;K11000;5420;BUD2026;192500;Inst. Ledelse & Innovasjon;Instituttleder Ledelse
202607;K11000;5420;BUD2026;192500;Inst. Ledelse & Innovasjon;Instituttleder Ledelse
202608;K11000;5420;BUD2026;192500;Inst. Ledelse & Innovasjon;Instituttleder Ledelse
202609;K11000;5420;BUD2026;192500;Inst. Ledelse & Innovasjon;Instituttleder Ledelse
202610;K11000;5420;BUD2026;192500;Inst. Ledelse & Innovasjon;Instituttleder Ledelse
202611;K11000;5420;BUD2026;192500;Inst. Ledelse & Innovasjon;Instituttleder Ledelse
202612;K11000;5420;BUD2026;192500;Inst. Ledelse & Innovasjon;Instituttleder Ledelse
202601;K11000;5100;BUD2026;128333;Inst. Ledelse & Innovasjon;Instituttleder Ledelse
202602;K11000;5100;BUD2026;128333;Inst. Ledelse & Innovasjon;Instituttleder Ledelse
202603;K11000;5100;BUD2026;128333;Inst. Ledelse & Innovasjon;Instituttleder Ledelse
202604;K11000;5100;BUD2026;128333;Inst. Ledelse & Innovasjon;Instituttleder Ledelse
202605;K11000;5100;BUD2026;128333;Inst. Ledelse & Innovasjon;Instituttleder Ledelse
202606;K11000;5100;BUD2026;128333;Inst. Ledelse & Innovasjon;Instituttleder Ledelse
202607;K11000;5100;BUD2026;128333;Inst. Ledelse & Innovasjon;Instituttleder Ledelse
202608;K11000;5100;BUD2026;128333;Inst. Ledelse & Innovasjon;Instituttleder Ledelse
202609;K11000;5100;BUD2026;128333;Inst. Ledelse & Innovasjon;Instituttleder Ledelse
202610;K11000;5100;BUD2026;128333;Inst. Ledelse & Innovasjon;Instituttleder Ledelse
202611;K11000;5100;BUD2026;128333;Inst. Ledelse & Innovasjon;Instituttleder Ledelse
202612;K11000;5100;BUD2026;128337;Inst. Ledelse & Innovasjon;Instituttleder Ledelse
202601;K11000;6300;BUD2026;256666;Inst. Ledelse & Innovasjon;Instituttleder Ledelse
202602;K11000;6300;BUD2026;256666;Inst. Ledelse & Innovasjon;Instituttleder Ledelse
202603;K11000;6300;BUD2026;256666;Inst. Ledelse & Innovasjon;Instituttleder Ledelse
202604;K11000;6300;BUD2026;256666;Inst. Ledelse & Innovasjon;Instituttleder Ledelse
202605;K11000;6300;BUD2026;256666;Inst. Ledelse & Innovasjon;Instituttleder Ledelse
202606;K11000;6300;BUD2026;256666;Inst. Ledelse & Innovasjon;Instituttleder Ledelse
202607;K11000;6300;BUD2026;256666;Inst. Ledelse & Innovasjon;Instituttleder Ledelse
202608;K11000;6300;BUD2026;256666;Inst. Ledelse & Innovasjon;Instituttleder Ledelse
202609;K11000;6300;BUD2026;256666;Inst. Ledelse & Innovasjon;Instituttleder Ledelse
202610;K11000;6300;BUD2026;256666;Inst. Ledelse & Innovasjon;Instituttleder Ledelse
202611;K11000;6300;BUD2026;256666;Inst. Ledelse & Innovasjon;Instituttleder Ledelse
202612;K11000;6300;BUD2026;256674;Inst. Ledelse & Innovasjon;Instituttleder Ledelse
202601;K11000;6550;BUD2026;96250;Inst. Ledelse & Innovasjon;Instituttleder Ledelse
202602;K11000;6550;BUD2026;96250;Inst. Ledelse & Innovasjon;Instituttleder Ledelse
202603;K11000;6550;BUD2026;96250;Inst. Ledelse & Innovasjon;Instituttleder Ledelse
202604;K11000;6550;BUD2026;96250;Inst. Ledelse & Innovasjon;Instituttleder Ledelse
202605;K11000;6550;BUD2026;96250;Inst. Ledelse & Innovasjon;Instituttleder Ledelse
202606;K11000;6550;BUD2026;96250;Inst. Ledelse & Innovasjon;Instituttleder Ledelse
202607;K11000;6550;BUD2026;96250;Inst. Ledelse & Innovasjon;Instituttleder Ledelse
202608;K11000;6550;BUD2026;96250;Inst. Ledelse & Innovasjon;Instituttleder Ledelse
202609;K11000;6550;BUD2026;96250;Inst. Ledelse & Innovasjon;Instituttleder Ledelse
202610;K11000;6550;BUD2026;96250;Inst. Ledelse & Innovasjon;Instituttleder Ledelse
202611;K11000;6550;BUD2026;96250;Inst. Ledelse & Innovasjon;Instituttleder Ledelse
202612;K11000;6550;BUD2026;96250;Inst. Ledelse & Innovasjon;Instituttleder Ledelse
202601;K11000;6700;BUD2026;96250;Inst. Ledelse & Innovasjon;Instituttleder Ledelse
202602;K11000;6700;BUD2026;96250;Inst. Ledelse & Innovasjon;Instituttleder Ledelse
202603;K11000;6700;BUD2026;96250;Inst. Ledelse & Innovasjon;Instituttleder Ledelse
202604;K11000;6700;BUD2026;96250;Inst. Ledelse & Innovasjon;Instituttleder Ledelse
202605;K11000;6700;BUD2026;96250;Inst. Ledelse & Innovasjon;Instituttleder Ledelse
202606;K11000;6700;BUD2026;96250;Inst. Ledelse & Innovasjon;Instituttleder Ledelse
202607;K11000;6700;BUD2026;96250;Inst. Ledelse & Innovasjon;Instituttleder Ledelse
202608;K11000;6700;BUD2026;96250;Inst. Ledelse & Innovasjon;Instituttleder Ledelse
202609;K11000;6700;BUD2026;96250;Inst. Ledelse & Innovasjon;Instituttleder Ledelse
202610;K11000;6700;BUD2026;96250;Inst. Ledelse & Innovasjon;Instituttleder Ledelse
202611;K11000;6700;BUD2026;96250;Inst. Ledelse & Innovasjon;Instituttleder Ledelse
202612;K11000;6700;BUD2026;96250;Inst. Ledelse & Innovasjon;Instituttleder Ledelse
202601;K11000;7130;BUD2026;96250;Inst. Ledelse & Innovasjon;Instituttleder Ledelse
202602;K11000;7130;BUD2026;96250;Inst. Ledelse & Innovasjon;Instituttleder Ledelse
202603;K11000;7130;BUD2026;96250;Inst. Ledelse & Innovasjon;Instituttleder Ledelse
202604;K11000;7130;BUD2026;96250;Inst. Ledelse & Innovasjon;Instituttleder Ledelse
202605;K11000;7130;BUD2026;96250;Inst. Ledelse & Innovasjon;Instituttleder Ledelse
202606;K11000;7130;BUD2026;96250;Inst. Ledelse & Innovasjon;Instituttleder Ledelse
202607;K11000;7130;BUD2026;96250;Inst. Ledelse & Innovasjon;Instituttleder Ledelse
202608;K11000;7130;BUD2026;96250;Inst. Ledelse & Innovasjon;Instituttleder Ledelse
202609;K11000;7130;BUD2026;96250;Inst. Ledelse & Innovasjon;Instituttleder Ledelse
202610;K11000;7130;BUD2026;96250;Inst. Ledelse & Innovasjon;Instituttleder Ledelse
202611;K11000;7130;BUD2026;96250;Inst. Ledelse & Innovasjon;Instituttleder Ledelse
202612;K11000;7130;BUD2026;96250;Inst. Ledelse & Innovasjon;Instituttleder Ledelse
202601;K12000;5000;BUD2026;1413750;Inst. Rettsvitenskap;Instituttleder Ole Dag Rike
202602;K12000;5000;BUD2026;1413750;Inst. Rettsvitenskap;Instituttleder Ole Dag Rike
202603;K12000;5000;BUD2026;1413750;Inst. Rettsvitenskap;Instituttleder Ole Dag Rike
202604;K12000;5000;BUD2026;1413750;Inst. Rettsvitenskap;Instituttleder Ole Dag Rike
202605;K12000;5000;BUD2026;1413750;Inst. Rettsvitenskap;Instituttleder Ole Dag Rike
202606;K12000;5000;BUD2026;1413750;Inst. Rettsvitenskap;Instituttleder Ole Dag Rike
202607;K12000;5000;BUD2026;1413750;Inst. Rettsvitenskap;Instituttleder Ole Dag Rike
202608;K12000;5000;BUD2026;1413750;Inst. Rettsvitenskap;Instituttleder Ole Dag Rike
202609;K12000;5000;BUD2026;1413750;Inst. Rettsvitenskap;Instituttleder Ole Dag Rike
202610;K12000;5000;BUD2026;1413750;Inst. Rettsvitenskap;Instituttleder Ole Dag Rike
202611;K12000;5000;BUD2026;1413750;Inst. Rettsvitenskap;Instituttleder Ole Dag Rike
202612;K12000;5000;BUD2026;1413750;Inst. Rettsvitenskap;Instituttleder Ole Dag Rike
202601;K12000;5080;BUD2026;170625;Inst. Rettsvitenskap;Instituttleder Ole Dag Rike
202602;K12000;5080;BUD2026;170625;Inst. Rettsvitenskap;Instituttleder Ole Dag Rike
202603;K12000;5080;BUD2026;170625;Inst. Rettsvitenskap;Instituttleder Ole Dag Rike
202604;K12000;5080;BUD2026;170625;Inst. Rettsvitenskap;Instituttleder Ole Dag Rike
202605;K12000;5080;BUD2026;170625;Inst. Rettsvitenskap;Instituttleder Ole Dag Rike
202606;K12000;5080;BUD2026;170625;Inst. Rettsvitenskap;Instituttleder Ole Dag Rike
202607;K12000;5080;BUD2026;170625;Inst. Rettsvitenskap;Instituttleder Ole Dag Rike
202608;K12000;5080;BUD2026;170625;Inst. Rettsvitenskap;Instituttleder Ole Dag Rike
202609;K12000;5080;BUD2026;170625;Inst. Rettsvitenskap;Instituttleder Ole Dag Rike
202610;K12000;5080;BUD2026;170625;Inst. Rettsvitenskap;Instituttleder Ole Dag Rike
202611;K12000;5080;BUD2026;170625;Inst. Rettsvitenskap;Instituttleder Ole Dag Rike
202612;K12000;5080;BUD2026;170625;Inst. Rettsvitenskap;Instituttleder Ole Dag Rike
202601;K12000;5400;BUD2026;195000;Inst. Rettsvitenskap;Instituttleder Ole Dag Rike
202602;K12000;5400;BUD2026;195000;Inst. Rettsvitenskap;Instituttleder Ole Dag Rike
202603;K12000;5400;BUD2026;195000;Inst. Rettsvitenskap;Instituttleder Ole Dag Rike
202604;K12000;5400;BUD2026;195000;Inst. Rettsvitenskap;Instituttleder Ole Dag Rike
202605;K12000;5400;BUD2026;195000;Inst. Rettsvitenskap;Instituttleder Ole Dag Rike
202606;K12000;5400;BUD2026;195000;Inst. Rettsvitenskap;Instituttleder Ole Dag Rike
202607;K12000;5400;BUD2026;195000;Inst. Rettsvitenskap;Instituttleder Ole Dag Rike
202608;K12000;5400;BUD2026;195000;Inst. Rettsvitenskap;Instituttleder Ole Dag Rike
202609;K12000;5400;BUD2026;195000;Inst. Rettsvitenskap;Instituttleder Ole Dag Rike
202610;K12000;5400;BUD2026;195000;Inst. Rettsvitenskap;Instituttleder Ole Dag Rike
202611;K12000;5400;BUD2026;195000;Inst. Rettsvitenskap;Instituttleder Ole Dag Rike
202612;K12000;5400;BUD2026;195000;Inst. Rettsvitenskap;Instituttleder Ole Dag Rike
202601;K12000;5420;BUD2026;146250;Inst. Rettsvitenskap;Instituttleder Ole Dag Rike
202602;K12000;5420;BUD2026;146250;Inst. Rettsvitenskap;Instituttleder Ole Dag Rike
202603;K12000;5420;BUD2026;146250;Inst. Rettsvitenskap;Instituttleder Ole Dag Rike
202604;K12000;5420;BUD2026;146250;Inst. Rettsvitenskap;Instituttleder Ole Dag Rike
202605;K12000;5420;BUD2026;146250;Inst. Rettsvitenskap;Instituttleder Ole Dag Rike
202606;K12000;5420;BUD2026;146250;Inst. Rettsvitenskap;Instituttleder Ole Dag Rike
202607;K12000;5420;BUD2026;146250;Inst. Rettsvitenskap;Instituttleder Ole Dag Rike
202608;K12000;5420;BUD2026;146250;Inst. Rettsvitenskap;Instituttleder Ole Dag Rike
202609;K12000;5420;BUD2026;146250;Inst. Rettsvitenskap;Instituttleder Ole Dag Rike
202610;K12000;5420;BUD2026;146250;Inst. Rettsvitenskap;Instituttleder Ole Dag Rike
202611;K12000;5420;BUD2026;146250;Inst. Rettsvitenskap;Instituttleder Ole Dag Rike
202612;K12000;5420;BUD2026;146250;Inst. Rettsvitenskap;Instituttleder Ole Dag Rike
202601;K12000;5100;BUD2026;97500;Inst. Rettsvitenskap;Instituttleder Ole Dag Rike
202602;K12000;5100;BUD2026;97500;Inst. Rettsvitenskap;Instituttleder Ole Dag Rike
202603;K12000;5100;BUD2026;97500;Inst. Rettsvitenskap;Instituttleder Ole Dag Rike
202604;K12000;5100;BUD2026;97500;Inst. Rettsvitenskap;Instituttleder Ole Dag Rike
202605;K12000;5100;BUD2026;97500;Inst. Rettsvitenskap;Instituttleder Ole Dag Rike
202606;K12000;5100;BUD2026;97500;Inst. Rettsvitenskap;Instituttleder Ole Dag Rike
202607;K12000;5100;BUD2026;97500;Inst. Rettsvitenskap;Instituttleder Ole Dag Rike
202608;K12000;5100;BUD2026;97500;Inst. Rettsvitenskap;Instituttleder Ole Dag Rike
202609;K12000;5100;BUD2026;97500;Inst. Rettsvitenskap;Instituttleder Ole Dag Rike
202610;K12000;5100;BUD2026;97500;Inst. Rettsvitenskap;Instituttleder Ole Dag Rike
202611;K12000;5100;BUD2026;97500;Inst. Rettsvitenskap;Instituttleder Ole Dag Rike
202612;K12000;5100;BUD2026;97500;Inst. Rettsvitenskap;Instituttleder Ole Dag Rike
202601;K12000;6300;BUD2026;195000;Inst. Rettsvitenskap;Instituttleder Ole Dag Rike
202602;K12000;6300;BUD2026;195000;Inst. Rettsvitenskap;Instituttleder Ole Dag Rike
202603;K12000;6300;BUD2026;195000;Inst. Rettsvitenskap;Instituttleder Ole Dag Rike
202604;K12000;6300;BUD2026;195000;Inst. Rettsvitenskap;Instituttleder Ole Dag Rike
202605;K12000;6300;BUD2026;195000;Inst. Rettsvitenskap;Instituttleder Ole Dag Rike
202606;K12000;6300;BUD2026;195000;Inst. Rettsvitenskap;Instituttleder Ole Dag Rike
202607;K12000;6300;BUD2026;195000;Inst. Rettsvitenskap;Instituttleder Ole Dag Rike
202608;K12000;6300;BUD2026;195000;Inst. Rettsvitenskap;Instituttleder Ole Dag Rike
202609;K12000;6300;BUD2026;195000;Inst. Rettsvitenskap;Instituttleder Ole Dag Rike
202610;K12000;6300;BUD2026;195000;Inst. Rettsvitenskap;Instituttleder Ole Dag Rike
202611;K12000;6300;BUD2026;195000;Inst. Rettsvitenskap;Instituttleder Ole Dag Rike
202612;K12000;6300;BUD2026;195000;Inst. Rettsvitenskap;Instituttleder Ole Dag Rike
202601;K12000;6550;BUD2026;73125;Inst. Rettsvitenskap;Instituttleder Ole Dag Rike
202602;K12000;6550;BUD2026;73125;Inst. Rettsvitenskap;Instituttleder Ole Dag Rike
202603;K12000;6550;BUD2026;73125;Inst. Rettsvitenskap;Instituttleder Ole Dag Rike
202604;K12000;6550;BUD2026;73125;Inst. Rettsvitenskap;Instituttleder Ole Dag Rike
202605;K12000;6550;BUD2026;73125;Inst. Rettsvitenskap;Instituttleder Ole Dag Rike
202606;K12000;6550;BUD2026;73125;Inst. Rettsvitenskap;Instituttleder Ole Dag Rike
202607;K12000;6550;BUD2026;73125;Inst. Rettsvitenskap;Instituttleder Ole Dag Rike
202608;K12000;6550;BUD2026;73125;Inst. Rettsvitenskap;Instituttleder Ole Dag Rike
202609;K12000;6550;BUD2026;73125;Inst. Rettsvitenskap;Instituttleder Ole Dag Rike
202610;K12000;6550;BUD2026;73125;Inst. Rettsvitenskap;Instituttleder Ole Dag Rike
202611;K12000;6550;BUD2026;73125;Inst. Rettsvitenskap;Instituttleder Ole Dag Rike
202612;K12000;6550;BUD2026;73125;Inst. Rettsvitenskap;Instituttleder Ole Dag Rike
202601;K12000;6700;BUD2026;73125;Inst. Rettsvitenskap;Instituttleder Ole Dag Rike
202602;K12000;6700;BUD2026;73125;Inst. Rettsvitenskap;Instituttleder Ole Dag Rike
202603;K12000;6700;BUD2026;73125;Inst. Rettsvitenskap;Instituttleder Ole Dag Rike
202604;K12000;6700;BUD2026;73125;Inst. Rettsvitenskap;Instituttleder Ole Dag Rike
202605;K12000;6700;BUD2026;73125;Inst. Rettsvitenskap;Instituttleder Ole Dag Rike
202606;K12000;6700;BUD2026;73125;Inst. Rettsvitenskap;Instituttleder Ole Dag Rike
202607;K12000;6700;BUD2026;73125;Inst. Rettsvitenskap;Instituttleder Ole Dag Rike
202608;K12000;6700;BUD2026;73125;Inst. Rettsvitenskap;Instituttleder Ole Dag Rike
202609;K12000;6700;BUD2026;73125;Inst. Rettsvitenskap;Instituttleder Ole Dag Rike
202610;K12000;6700;BUD2026;73125;Inst. Rettsvitenskap;Instituttleder Ole Dag Rike
202611;K12000;6700;BUD2026;73125;Inst. Rettsvitenskap;Instituttleder Ole Dag Rike
202612;K12000;6700;BUD2026;73125;Inst. Rettsvitenskap;Instituttleder Ole Dag Rike
202601;K12000;7130;BUD2026;73125;Inst. Rettsvitenskap;Instituttleder Ole Dag Rike
202602;K12000;7130;BUD2026;73125;Inst. Rettsvitenskap;Instituttleder Ole Dag Rike
202603;K12000;7130;BUD2026;73125;Inst. Rettsvitenskap;Instituttleder Ole Dag Rike
202604;K12000;7130;BUD2026;73125;Inst. Rettsvitenskap;Instituttleder Ole Dag Rike
202605;K12000;7130;BUD2026;73125;Inst. Rettsvitenskap;Instituttleder Ole Dag Rike
202606;K12000;7130;BUD2026;73125;Inst. Rettsvitenskap;Instituttleder Ole Dag Rike
202607;K12000;7130;BUD2026;73125;Inst. Rettsvitenskap;Instituttleder Ole Dag Rike
202608;K12000;7130;BUD2026;73125;Inst. Rettsvitenskap;Instituttleder Ole Dag Rike
202609;K12000;7130;BUD2026;73125;Inst. Rettsvitenskap;Instituttleder Ole Dag Rike
202610;K12000;7130;BUD2026;73125;Inst. Rettsvitenskap;Instituttleder Ole Dag Rike
202611;K12000;7130;BUD2026;73125;Inst. Rettsvitenskap;Instituttleder Ole Dag Rike
202612;K12000;7130;BUD2026;73125;Inst. Rettsvitenskap;Instituttleder Ole Dag Rike
202601;K13000;5000;BUD2026;2339518;Inst. Økonomi;Instituttleder Økonomi
202602;K13000;5000;BUD2026;2339518;Inst. Økonomi;Instituttleder Økonomi
202603;K13000;5000;BUD2026;2339518;Inst. Økonomi;Instituttleder Økonomi
202604;K13000;5000;BUD2026;2339518;Inst. Økonomi;Instituttleder Økonomi
202605;K13000;5000;BUD2026;2339518;Inst. Økonomi;Instituttleder Økonomi
202606;K13000;5000;BUD2026;2339518;Inst. Økonomi;Instituttleder Økonomi
202607;K13000;5000;BUD2026;2339518;Inst. Økonomi;Instituttleder Økonomi
202608;K13000;5000;BUD2026;2339518;Inst. Økonomi;Instituttleder Økonomi
202609;K13000;5000;BUD2026;2339518;Inst. Økonomi;Instituttleder Økonomi
202610;K13000;5000;BUD2026;2339518;Inst. Økonomi;Instituttleder Økonomi
202611;K13000;5000;BUD2026;2339518;Inst. Økonomi;Instituttleder Økonomi
202612;K13000;5000;BUD2026;2339520;Inst. Økonomi;Instituttleder Økonomi
202601;K13000;5080;BUD2026;282355;Inst. Økonomi;Instituttleder Økonomi
202602;K13000;5080;BUD2026;282355;Inst. Økonomi;Instituttleder Økonomi
202603;K13000;5080;BUD2026;282355;Inst. Økonomi;Instituttleder Økonomi
202604;K13000;5080;BUD2026;282355;Inst. Økonomi;Instituttleder Økonomi
202605;K13000;5080;BUD2026;282355;Inst. Økonomi;Instituttleder Økonomi
202606;K13000;5080;BUD2026;282355;Inst. Økonomi;Instituttleder Økonomi
202607;K13000;5080;BUD2026;282355;Inst. Økonomi;Instituttleder Økonomi
202608;K13000;5080;BUD2026;282355;Inst. Økonomi;Instituttleder Økonomi
202609;K13000;5080;BUD2026;282355;Inst. Økonomi;Instituttleder Økonomi
202610;K13000;5080;BUD2026;282355;Inst. Økonomi;Instituttleder Økonomi
202611;K13000;5080;BUD2026;282355;Inst. Økonomi;Instituttleder Økonomi
202612;K13000;5080;BUD2026;282363;Inst. Økonomi;Instituttleder Økonomi
202601;K13000;5400;BUD2026;322692;Inst. Økonomi;Instituttleder Økonomi
202602;K13000;5400;BUD2026;322692;Inst. Økonomi;Instituttleder Økonomi
202603;K13000;5400;BUD2026;322692;Inst. Økonomi;Instituttleder Økonomi
202604;K13000;5400;BUD2026;322692;Inst. Økonomi;Instituttleder Økonomi
202605;K13000;5400;BUD2026;322692;Inst. Økonomi;Instituttleder Økonomi
202606;K13000;5400;BUD2026;322692;Inst. Økonomi;Instituttleder Økonomi
202607;K13000;5400;BUD2026;322692;Inst. Økonomi;Instituttleder Økonomi
202608;K13000;5400;BUD2026;322692;Inst. Økonomi;Instituttleder Økonomi
202609;K13000;5400;BUD2026;322692;Inst. Økonomi;Instituttleder Økonomi
202610;K13000;5400;BUD2026;322692;Inst. Økonomi;Instituttleder Økonomi
202611;K13000;5400;BUD2026;322692;Inst. Økonomi;Instituttleder Økonomi
202612;K13000;5400;BUD2026;322694;Inst. Økonomi;Instituttleder Økonomi
202601;K13000;5420;BUD2026;242019;Inst. Økonomi;Instituttleder Økonomi
202602;K13000;5420;BUD2026;242019;Inst. Økonomi;Instituttleder Økonomi
202603;K13000;5420;BUD2026;242019;Inst. Økonomi;Instituttleder Økonomi
202604;K13000;5420;BUD2026;242019;Inst. Økonomi;Instituttleder Økonomi
202605;K13000;5420;BUD2026;242019;Inst. Økonomi;Instituttleder Økonomi
202606;K13000;5420;BUD2026;242019;Inst. Økonomi;Instituttleder Økonomi
202607;K13000;5420;BUD2026;242019;Inst. Økonomi;Instituttleder Økonomi
202608;K13000;5420;BUD2026;242019;Inst. Økonomi;Instituttleder Økonomi
202609;K13000;5420;BUD2026;242019;Inst. Økonomi;Instituttleder Økonomi
202610;K13000;5420;BUD2026;242019;Inst. Økonomi;Instituttleder Økonomi
202611;K13000;5420;BUD2026;242019;Inst. Økonomi;Instituttleder Økonomi
202612;K13000;5420;BUD2026;242021;Inst. Økonomi;Instituttleder Økonomi
202601;K13000;5100;BUD2026;161346;Inst. Økonomi;Instituttleder Økonomi
202602;K13000;5100;BUD2026;161346;Inst. Økonomi;Instituttleder Økonomi
202603;K13000;5100;BUD2026;161346;Inst. Økonomi;Instituttleder Økonomi
202604;K13000;5100;BUD2026;161346;Inst. Økonomi;Instituttleder Økonomi
202605;K13000;5100;BUD2026;161346;Inst. Økonomi;Instituttleder Økonomi
202606;K13000;5100;BUD2026;161346;Inst. Økonomi;Instituttleder Økonomi
202607;K13000;5100;BUD2026;161346;Inst. Økonomi;Instituttleder Økonomi
202608;K13000;5100;BUD2026;161346;Inst. Økonomi;Instituttleder Økonomi
202609;K13000;5100;BUD2026;161346;Inst. Økonomi;Instituttleder Økonomi
202610;K13000;5100;BUD2026;161346;Inst. Økonomi;Instituttleder Økonomi
202611;K13000;5100;BUD2026;161346;Inst. Økonomi;Instituttleder Økonomi
202612;K13000;5100;BUD2026;161347;Inst. Økonomi;Instituttleder Økonomi
202601;K13000;6300;BUD2026;322692;Inst. Økonomi;Instituttleder Økonomi
202602;K13000;6300;BUD2026;322692;Inst. Økonomi;Instituttleder Økonomi
202603;K13000;6300;BUD2026;322692;Inst. Økonomi;Instituttleder Økonomi
202604;K13000;6300;BUD2026;322692;Inst. Økonomi;Instituttleder Økonomi
202605;K13000;6300;BUD2026;322692;Inst. Økonomi;Instituttleder Økonomi
202606;K13000;6300;BUD2026;322692;Inst. Økonomi;Instituttleder Økonomi
202607;K13000;6300;BUD2026;322692;Inst. Økonomi;Instituttleder Økonomi
202608;K13000;6300;BUD2026;322692;Inst. Økonomi;Instituttleder Økonomi
202609;K13000;6300;BUD2026;322692;Inst. Økonomi;Instituttleder Økonomi
202610;K13000;6300;BUD2026;322692;Inst. Økonomi;Instituttleder Økonomi
202611;K13000;6300;BUD2026;322692;Inst. Økonomi;Instituttleder Økonomi
202612;K13000;6300;BUD2026;322694;Inst. Økonomi;Instituttleder Økonomi
202601;K13000;6550;BUD2026;121009;Inst. Økonomi;Instituttleder Økonomi
202602;K13000;6550;BUD2026;121009;Inst. Økonomi;Instituttleder Økonomi
202603;K13000;6550;BUD2026;121009;Inst. Økonomi;Instituttleder Økonomi
202604;K13000;6550;BUD2026;121009;Inst. Økonomi;Instituttleder Økonomi
202605;K13000;6550;BUD2026;121009;Inst. Økonomi;Instituttleder Økonomi
202606;K13000;6550;BUD2026;121009;Inst. Økonomi;Instituttleder Økonomi
202607;K13000;6550;BUD2026;121009;Inst. Økonomi;Instituttleder Økonomi
202608;K13000;6550;BUD2026;121009;Inst. Økonomi;Instituttleder Økonomi
202609;K13000;6550;BUD2026;121009;Inst. Økonomi;Instituttleder Økonomi
202610;K13000;6550;BUD2026;121009;Inst. Økonomi;Instituttleder Økonomi
202611;K13000;6550;BUD2026;121009;Inst. Økonomi;Instituttleder Økonomi
202612;K13000;6550;BUD2026;121016;Inst. Økonomi;Instituttleder Økonomi
202601;K13000;6700;BUD2026;121009;Inst. Økonomi;Instituttleder Økonomi
202602;K13000;6700;BUD2026;121009;Inst. Økonomi;Instituttleder Økonomi
202603;K13000;6700;BUD2026;121009;Inst. Økonomi;Instituttleder Økonomi
202604;K13000;6700;BUD2026;121009;Inst. Økonomi;Instituttleder Økonomi
202605;K13000;6700;BUD2026;121009;Inst. Økonomi;Instituttleder Økonomi
202606;K13000;6700;BUD2026;121009;Inst. Økonomi;Instituttleder Økonomi
202607;K13000;6700;BUD2026;121009;Inst. Økonomi;Instituttleder Økonomi
202608;K13000;6700;BUD2026;121009;Inst. Økonomi;Instituttleder Økonomi
202609;K13000;6700;BUD2026;121009;Inst. Økonomi;Instituttleder Økonomi
202610;K13000;6700;BUD2026;121009;Inst. Økonomi;Instituttleder Økonomi
202611;K13000;6700;BUD2026;121009;Inst. Økonomi;Instituttleder Økonomi
202612;K13000;6700;BUD2026;121016;Inst. Økonomi;Instituttleder Økonomi
202601;K13000;7130;BUD2026;121009;Inst. Økonomi;Instituttleder Økonomi
202602;K13000;7130;BUD2026;121009;Inst. Økonomi;Instituttleder Økonomi
202603;K13000;7130;BUD2026;121009;Inst. Økonomi;Instituttleder Økonomi
202604;K13000;7130;BUD2026;121009;Inst. Økonomi;Instituttleder Økonomi
202605;K13000;7130;BUD2026;121009;Inst. Økonomi;Instituttleder Økonomi
202606;K13000;7130;BUD2026;121009;Inst. Økonomi;Instituttleder Økonomi
202607;K13000;7130;BUD2026;121009;Inst. Økonomi;Instituttleder Økonomi
202608;K13000;7130;BUD2026;121009;Inst. Økonomi;Instituttleder Økonomi
202609;K13000;7130;BUD2026;121009;Inst. Økonomi;Instituttleder Økonomi
202610;K13000;7130;BUD2026;121009;Inst. Økonomi;Instituttleder Økonomi
202611;K13000;7130;BUD2026;121009;Inst. Økonomi;Instituttleder Økonomi
202612;K13000;7130;BUD2026;121015;Inst. Økonomi;Instituttleder Økonomi
