BudsjettNokkel;DatoNokkel;OrgKode;Konto;VersjonKode;BudsjettBelop;Valuta;Kommentar
BUD2027_20270131_K10000_3900;20270131;K10000;3900;BUD2027;1125000.0;NOK;Månedlig periodisert 2027-budsjett for K10000 konto 3900
BUD2027_20270131_K10000_3670;20270131;K10000;3670;BUD2027;105820.83;NOK;Månedlig periodisert 2027-budsjett for K10000 konto 3670
BUD2027_20270131_K10000_5000;20270131;K10000;5000;BUD2027;666666.67;NOK;Månedlig periodisert 2027-budsjett for K10000 konto 5000
BUD2027_20270131_K10000_5400;20270131;K10000;5400;BUD2027;150000.0;NOK;Månedlig periodisert 2027-budsjett for K10000 konto 5400
BUD2027_20270131_K10000_6420;20270131;K10000;6420;BUD2027;208333.33;NOK;Månedlig periodisert 2027-budsjett for K10000 konto 6420
BUD2027_20270131_K10000_6700;20270131;K10000;6700;BUD2027;100000.0;NOK;Månedlig periodisert 2027-budsjett for K10000 konto 6700
BUD2027_20270131_K10000_1250;20270131;K10000;1250;BUD2027;83333.33;NOK;Månedlig periodisert 2027-budsjett for K10000 konto 1250
BUD2027_20270131_K11000_3900;20270131;K11000;3900;BUD2027;5666666.67;NOK;Månedlig periodisert 2027-budsjett for K11000 konto 3900
BUD2027_20270131_K11000_3600;20270131;K11000;3600;BUD2027;666666.67;NOK;Månedlig periodisert 2027-budsjett for K11000 konto 3600
BUD2027_20270131_K11000_3630;20270131;K11000;3630;BUD2027;333333.33;NOK;Månedlig periodisert 2027-budsjett for K11000 konto 3630
BUD2027_20270131_K11000_5000;20270131;K11000;5000;BUD2027;4000000.0;NOK;Månedlig periodisert 2027-budsjett for K11000 konto 5000
BUD2027_20270131_K11000_5400;20270131;K11000;5400;BUD2027;916666.67;NOK;Månedlig periodisert 2027-budsjett for K11000 konto 5400
BUD2027_20270131_K11000_6300;20270131;K11000;6300;BUD2027;1000000.0;NOK;Månedlig periodisert 2027-budsjett for K11000 konto 6300
BUD2027_20270131_K11000_7130;20270131;K11000;7130;BUD2027;333333.33;NOK;Månedlig periodisert 2027-budsjett for K11000 konto 7130
BUD2027_20270131_K11000_1250;20270131;K11000;1250;BUD2027;250000.0;NOK;Månedlig periodisert 2027-budsjett for K11000 konto 1250
BUD2027_20270131_K12000_3900;20270131;K12000;3900;BUD2027;4833333.33;NOK;Månedlig periodisert 2027-budsjett for K12000 konto 3900
BUD2027_20270131_K12000_3400;20270131;K12000;3400;BUD2027;333333.33;NOK;Månedlig periodisert 2027-budsjett for K12000 konto 3400
BUD2027_20270131_K12000_5000;20270131;K12000;5000;BUD2027;3166666.67;NOK;Månedlig periodisert 2027-budsjett for K12000 konto 5000
BUD2027_20270131_K12000_5400;20270131;K12000;5400;BUD2027;733333.33;NOK;Månedlig periodisert 2027-budsjett for K12000 konto 5400
BUD2027_20270131_K12000_6300;20270131;K12000;6300;BUD2027;833333.33;NOK;Månedlig periodisert 2027-budsjett for K12000 konto 6300
BUD2027_20270131_K12000_7130;20270131;K12000;7130;BUD2027;183333.33;NOK;Månedlig periodisert 2027-budsjett for K12000 konto 7130
BUD2027_20270131_K12000_1250;20270131;K12000;1250;BUD2027;166666.67;NOK;Månedlig periodisert 2027-budsjett for K12000 konto 1250
BUD2027_20270131_K13000_3900;20270131;K13000;3900;BUD2027;9358345.83;NOK;Månedlig periodisert 2027-budsjett for K13000 konto 3900
BUD2027_20270131_K13000_3400;20270131;K13000;3400;BUD2027;1000000.0;NOK;Månedlig periodisert 2027-budsjett for K13000 konto 3400
BUD2027_20270131_K13000_3420;20270131;K13000;3420;BUD2027;333333.33;NOK;Månedlig periodisert 2027-budsjett for K13000 konto 3420
BUD2027_20270131_K13000_3630;20270131;K13000;3630;BUD2027;83333.33;NOK;Månedlig periodisert 2027-budsjett for K13000 konto 3630
BUD2027_20270131_K13000_5000;20270131;K13000;5000;BUD2027;5116666.67;NOK;Månedlig periodisert 2027-budsjett for K13000 konto 5000
BUD2027_20270131_K13000_5400;20270131;K13000;5400;BUD2027;1166666.67;NOK;Månedlig periodisert 2027-budsjett for K13000 konto 5400
BUD2027_20270131_K13000_6300;20270131;K13000;6300;BUD2027;1666666.67;NOK;Månedlig periodisert 2027-budsjett for K13000 konto 6300
BUD2027_20270131_K13000_6420;20270131;K13000;6420;BUD2027;341666.67;NOK;Månedlig periodisert 2027-budsjett for K13000 konto 6420
BUD2027_20270131_K13000_7130;20270131;K13000;7130;BUD2027;250000.0;NOK;Månedlig periodisert 2027-budsjett for K13000 konto 7130
BUD2027_20270131_K13000_1250;20270131;K13000;1250;BUD2027;2166666.67;NOK;Månedlig periodisert 2027-budsjett for K13000 konto 1250
BUD2027_20270228_K10000_3900;20270228;K10000;3900;BUD2027;1125000.0;NOK;Månedlig periodisert 2027-budsjett for K10000 konto 3900
BUD2027_20270228_K10000_3670;20270228;K10000;3670;BUD2027;105820.83;NOK;Månedlig periodisert 2027-budsjett for K10000 konto 3670
BUD2027_20270228_K10000_5000;20270228;K10000;5000;BUD2027;666666.67;NOK;Månedlig periodisert 2027-budsjett for K10000 konto 5000
BUD2027_20270228_K10000_5400;20270228;K10000;5400;BUD2027;150000.0;NOK;Månedlig periodisert 2027-budsjett for K10000 konto 5400
BUD2027_20270228_K10000_6420;20270228;K10000;6420;BUD2027;208333.33;NOK;Månedlig periodisert 2027-budsjett for K10000 konto 6420
BUD2027_20270228_K10000_6700;20270228;K10000;6700;BUD2027;100000.0;NOK;Månedlig periodisert 2027-budsjett for K10000 konto 6700
BUD2027_20270228_K10000_1250;20270228;K10000;1250;BUD2027;83333.33;NOK;Månedlig periodisert 2027-budsjett for K10000 konto 1250
BUD2027_20270228_K11000_3900;20270228;K11000;3900;BUD2027;5666666.67;NOK;Månedlig periodisert 2027-budsjett for K11000 konto 3900
BUD2027_20270228_K11000_3600;20270228;K11000;3600;BUD2027;666666.67;NOK;Månedlig periodisert 2027-budsjett for K11000 konto 3600
BUD2027_20270228_K11000_3630;20270228;K11000;3630;BUD2027;333333.33;NOK;Månedlig periodisert 2027-budsjett for K11000 konto 3630
BUD2027_20270228_K11000_5000;20270228;K11000;5000;BUD2027;4000000.0;NOK;Månedlig periodisert 2027-budsjett for K11000 konto 5000
BUD2027_20270228_K11000_5400;20270228;K11000;5400;BUD2027;916666.67;NOK;Månedlig periodisert 2027-budsjett for K11000 konto 5400
BUD2027_20270228_K11000_6300;20270228;K11000;6300;BUD2027;1000000.0;NOK;Månedlig periodisert 2027-budsjett for K11000 konto 6300
BUD2027_20270228_K11000_7130;20270228;K11000;7130;BUD2027;333333.33;NOK;Månedlig periodisert 2027-budsjett for K11000 konto 7130
BUD2027_20270228_K11000_1250;20270228;K11000;1250;BUD2027;250000.0;NOK;Månedlig periodisert 2027-budsjett for K11000 konto 1250
BUD2027_20270228_K12000_3900;20270228;K12000;3900;BUD2027;4833333.33;NOK;Månedlig periodisert 2027-budsjett for K12000 konto 3900
BUD2027_20270228_K12000_3400;20270228;K12000;3400;BUD2027;333333.33;NOK;Månedlig periodisert 2027-budsjett for K12000 konto 3400
BUD2027_20270228_K12000_5000;20270228;K12000;5000;BUD2027;3166666.67;NOK;Månedlig periodisert 2027-budsjett for K12000 konto 5000
BUD2027_20270228_K12000_5400;20270228;K12000;5400;BUD2027;733333.33;NOK;Månedlig periodisert 2027-budsjett for K12000 konto 5400
BUD2027_20270228_K12000_6300;20270228;K12000;6300;BUD2027;833333.33;NOK;Månedlig periodisert 2027-budsjett for K12000 konto 6300
BUD2027_20270228_K12000_7130;20270228;K12000;7130;BUD2027;183333.33;NOK;Månedlig periodisert 2027-budsjett for K12000 konto 7130
BUD2027_20270228_K12000_1250;20270228;K12000;1250;BUD2027;166666.67;NOK;Månedlig periodisert 2027-budsjett for K12000 konto 1250
BUD2027_20270228_K13000_3900;20270228;K13000;3900;BUD2027;9358345.83;NOK;Månedlig periodisert 2027-budsjett for K13000 konto 3900
BUD2027_20270228_K13000_3400;20270228;K13000;3400;BUD2027;1000000.0;NOK;Månedlig periodisert 2027-budsjett for K13000 konto 3400
BUD2027_20270228_K13000_3420;20270228;K13000;3420;BUD2027;333333.33;NOK;Månedlig periodisert 2027-budsjett for K13000 konto 3420
BUD2027_20270228_K13000_3630;20270228;K13000;3630;BUD2027;83333.33;NOK;Månedlig periodisert 2027-budsjett for K13000 konto 3630
BUD2027_20270228_K13000_5000;20270228;K13000;5000;BUD2027;5116666.67;NOK;Månedlig periodisert 2027-budsjett for K13000 konto 5000
BUD2027_20270228_K13000_5400;20270228;K13000;5400;BUD2027;1166666.67;NOK;Månedlig periodisert 2027-budsjett for K13000 konto 5400
BUD2027_20270228_K13000_6300;20270228;K13000;6300;BUD2027;1666666.67;NOK;Månedlig periodisert 2027-budsjett for K13000 konto 6300
BUD2027_20270228_K13000_6420;20270228;K13000;6420;BUD2027;341666.67;NOK;Månedlig periodisert 2027-budsjett for K13000 konto 6420
BUD2027_20270228_K13000_7130;20270228;K13000;7130;BUD2027;250000.0;NOK;Månedlig periodisert 2027-budsjett for K13000 konto 7130
BUD2027_20270228_K13000_1250;20270228;K13000;1250;BUD2027;2166666.67;NOK;Månedlig periodisert 2027-budsjett for K13000 konto 1250
BUD2027_20270331_K10000_3900;20270331;K10000;3900;BUD2027;1125000.0;NOK;Månedlig periodisert 2027-budsjett for K10000 konto 3900
BUD2027_20270331_K10000_3670;20270331;K10000;3670;BUD2027;105820.83;NOK;Månedlig periodisert 2027-budsjett for K10000 konto 3670
BUD2027_20270331_K10000_5000;20270331;K10000;5000;BUD2027;666666.67;NOK;Månedlig periodisert 2027-budsjett for K10000 konto 5000
BUD2027_20270331_K10000_5400;20270331;K10000;5400;BUD2027;150000.0;NOK;Månedlig periodisert 2027-budsjett for K10000 konto 5400
BUD2027_20270331_K10000_6420;20270331;K10000;6420;BUD2027;208333.33;NOK;Månedlig periodisert 2027-budsjett for K10000 konto 6420
BUD2027_20270331_K10000_6700;20270331;K10000;6700;BUD2027;100000.0;NOK;Månedlig periodisert 2027-budsjett for K10000 konto 6700
BUD2027_20270331_K10000_1250;20270331;K10000;1250;BUD2027;83333.33;NOK;Månedlig periodisert 2027-budsjett for K10000 konto 1250
BUD2027_20270331_K11000_3900;20270331;K11000;3900;BUD2027;5666666.67;NOK;Månedlig periodisert 2027-budsjett for K11000 konto 3900
BUD2027_20270331_K11000_3600;20270331;K11000;3600;BUD2027;666666.67;NOK;Månedlig periodisert 2027-budsjett for K11000 konto 3600
BUD2027_20270331_K11000_3630;20270331;K11000;3630;BUD2027;333333.33;NOK;Månedlig periodisert 2027-budsjett for K11000 konto 3630
BUD2027_20270331_K11000_5000;20270331;K11000;5000;BUD2027;4000000.0;NOK;Månedlig periodisert 2027-budsjett for K11000 konto 5000
BUD2027_20270331_K11000_5400;20270331;K11000;5400;BUD2027;916666.67;NOK;Månedlig periodisert 2027-budsjett for K11000 konto 5400
BUD2027_20270331_K11000_6300;20270331;K11000;6300;BUD2027;1000000.0;NOK;Månedlig periodisert 2027-budsjett for K11000 konto 6300
BUD2027_20270331_K11000_7130;20270331;K11000;7130;BUD2027;333333.33;NOK;Månedlig periodisert 2027-budsjett for K11000 konto 7130
BUD2027_20270331_K11000_1250;20270331;K11000;1250;BUD2027;250000.0;NOK;Månedlig periodisert 2027-budsjett for K11000 konto 1250
BUD2027_20270331_K12000_3900;20270331;K12000;3900;BUD2027;4833333.33;NOK;Månedlig periodisert 2027-budsjett for K12000 konto 3900
BUD2027_20270331_K12000_3400;20270331;K12000;3400;BUD2027;333333.33;NOK;Månedlig periodisert 2027-budsjett for K12000 konto 3400
BUD2027_20270331_K12000_5000;20270331;K12000;5000;BUD2027;3166666.67;NOK;Månedlig periodisert 2027-budsjett for K12000 konto 5000
BUD2027_20270331_K12000_5400;20270331;K12000;5400;BUD2027;733333.33;NOK;Månedlig periodisert 2027-budsjett for K12000 konto 5400
BUD2027_20270331_K12000_6300;20270331;K12000;6300;BUD2027;833333.33;NOK;Månedlig periodisert 2027-budsjett for K12000 konto 6300
BUD2027_20270331_K12000_7130;20270331;K12000;7130;BUD2027;183333.33;NOK;Månedlig periodisert 2027-budsjett for K12000 konto 7130
BUD2027_20270331_K12000_1250;20270331;K12000;1250;BUD2027;166666.67;NOK;Månedlig periodisert 2027-budsjett for K12000 konto 1250
BUD2027_20270331_K13000_3900;20270331;K13000;3900;BUD2027;9358345.83;NOK;Månedlig periodisert 2027-budsjett for K13000 konto 3900
BUD2027_20270331_K13000_3400;20270331;K13000;3400;BUD2027;1000000.0;NOK;Månedlig periodisert 2027-budsjett for K13000 konto 3400
BUD2027_20270331_K13000_3420;20270331;K13000;3420;BUD2027;333333.33;NOK;Månedlig periodisert 2027-budsjett for K13000 konto 3420
BUD2027_20270331_K13000_3630;20270331;K13000;3630;BUD2027;83333.33;NOK;Månedlig periodisert 2027-budsjett for K13000 konto 3630
BUD2027_20270331_K13000_5000;20270331;K13000;5000;BUD2027;5116666.67;NOK;Månedlig periodisert 2027-budsjett for K13000 konto 5000
BUD2027_20270331_K13000_5400;20270331;K13000;5400;BUD2027;1166666.67;NOK;Månedlig periodisert 2027-budsjett for K13000 konto 5400
BUD2027_20270331_K13000_6300;20270331;K13000;6300;BUD2027;1666666.67;NOK;Månedlig periodisert 2027-budsjett for K13000 konto 6300
BUD2027_20270331_K13000_6420;20270331;K13000;6420;BUD2027;341666.67;NOK;Månedlig periodisert 2027-budsjett for K13000 konto 6420
BUD2027_20270331_K13000_7130;20270331;K13000;7130;BUD2027;250000.0;NOK;Månedlig periodisert 2027-budsjett for K13000 konto 7130
BUD2027_20270331_K13000_1250;20270331;K13000;1250;BUD2027;2166666.67;NOK;Månedlig periodisert 2027-budsjett for K13000 konto 1250
BUD2027_20270430_K10000_3900;20270430;K10000;3900;BUD2027;1125000.0;NOK;Månedlig periodisert 2027-budsjett for K10000 konto 3900
BUD2027_20270430_K10000_3670;20270430;K10000;3670;BUD2027;105820.83;NOK;Månedlig periodisert 2027-budsjett for K10000 konto 3670
BUD2027_20270430_K10000_5000;20270430;K10000;5000;BUD2027;666666.67;NOK;Månedlig periodisert 2027-budsjett for K10000 konto 5000
BUD2027_20270430_K10000_5400;20270430;K10000;5400;BUD2027;150000.0;NOK;Månedlig periodisert 2027-budsjett for K10000 konto 5400
BUD2027_20270430_K10000_6420;20270430;K10000;6420;BUD2027;208333.33;NOK;Månedlig periodisert 2027-budsjett for K10000 konto 6420
BUD2027_20270430_K10000_6700;20270430;K10000;6700;BUD2027;100000.0;NOK;Månedlig periodisert 2027-budsjett for K10000 konto 6700
BUD2027_20270430_K10000_1250;20270430;K10000;1250;BUD2027;83333.33;NOK;Månedlig periodisert 2027-budsjett for K10000 konto 1250
BUD2027_20270430_K11000_3900;20270430;K11000;3900;BUD2027;5666666.67;NOK;Månedlig periodisert 2027-budsjett for K11000 konto 3900
BUD2027_20270430_K11000_3600;20270430;K11000;3600;BUD2027;666666.67;NOK;Månedlig periodisert 2027-budsjett for K11000 konto 3600
BUD2027_20270430_K11000_3630;20270430;K11000;3630;BUD2027;333333.33;NOK;Månedlig periodisert 2027-budsjett for K11000 konto 3630
BUD2027_20270430_K11000_5000;20270430;K11000;5000;BUD2027;4000000.0;NOK;Månedlig periodisert 2027-budsjett for K11000 konto 5000
BUD2027_20270430_K11000_5400;20270430;K11000;5400;BUD2027;916666.67;NOK;Månedlig periodisert 2027-budsjett for K11000 konto 5400
BUD2027_20270430_K11000_6300;20270430;K11000;6300;BUD2027;1000000.0;NOK;Månedlig periodisert 2027-budsjett for K11000 konto 6300
BUD2027_20270430_K11000_7130;20270430;K11000;7130;BUD2027;333333.33;NOK;Månedlig periodisert 2027-budsjett for K11000 konto 7130
BUD2027_20270430_K11000_1250;20270430;K11000;1250;BUD2027;250000.0;NOK;Månedlig periodisert 2027-budsjett for K11000 konto 1250
BUD2027_20270430_K12000_3900;20270430;K12000;3900;BUD2027;4833333.33;NOK;Månedlig periodisert 2027-budsjett for K12000 konto 3900
BUD2027_20270430_K12000_3400;20270430;K12000;3400;BUD2027;333333.33;NOK;Månedlig periodisert 2027-budsjett for K12000 konto 3400
BUD2027_20270430_K12000_5000;20270430;K12000;5000;BUD2027;3166666.67;NOK;Månedlig periodisert 2027-budsjett for K12000 konto 5000
BUD2027_20270430_K12000_5400;20270430;K12000;5400;BUD2027;733333.33;NOK;Månedlig periodisert 2027-budsjett for K12000 konto 5400
BUD2027_20270430_K12000_6300;20270430;K12000;6300;BUD2027;833333.33;NOK;Månedlig periodisert 2027-budsjett for K12000 konto 6300
BUD2027_20270430_K12000_7130;20270430;K12000;7130;BUD2027;183333.33;NOK;Månedlig periodisert 2027-budsjett for K12000 konto 7130
BUD2027_20270430_K12000_1250;20270430;K12000;1250;BUD2027;166666.67;NOK;Månedlig periodisert 2027-budsjett for K12000 konto 1250
BUD2027_20270430_K13000_3900;20270430;K13000;3900;BUD2027;9358345.83;NOK;Månedlig periodisert 2027-budsjett for K13000 konto 3900
BUD2027_20270430_K13000_3400;20270430;K13000;3400;BUD2027;1000000.0;NOK;Månedlig periodisert 2027-budsjett for K13000 konto 3400
BUD2027_20270430_K13000_3420;20270430;K13000;3420;BUD2027;333333.33;NOK;Månedlig periodisert 2027-budsjett for K13000 konto 3420
BUD2027_20270430_K13000_3630;20270430;K13000;3630;BUD2027;83333.33;NOK;Månedlig periodisert 2027-budsjett for K13000 konto 3630
BUD2027_20270430_K13000_5000;20270430;K13000;5000;BUD2027;5116666.67;NOK;Månedlig periodisert 2027-budsjett for K13000 konto 5000
BUD2027_20270430_K13000_5400;20270430;K13000;5400;BUD2027;1166666.67;NOK;Månedlig periodisert 2027-budsjett for K13000 konto 5400
BUD2027_20270430_K13000_6300;20270430;K13000;6300;BUD2027;1666666.67;NOK;Månedlig periodisert 2027-budsjett for K13000 konto 6300
BUD2027_20270430_K13000_6420;20270430;K13000;6420;BUD2027;341666.67;NOK;Månedlig periodisert 2027-budsjett for K13000 konto 6420
BUD2027_20270430_K13000_7130;20270430;K13000;7130;BUD2027;250000.0;NOK;Månedlig periodisert 2027-budsjett for K13000 konto 7130
BUD2027_20270430_K13000_1250;20270430;K13000;1250;BUD2027;2166666.67;NOK;Månedlig periodisert 2027-budsjett for K13000 konto 1250
BUD2027_20270531_K10000_3900;20270531;K10000;3900;BUD2027;1125000.0;NOK;Månedlig periodisert 2027-budsjett for K10000 konto 3900
BUD2027_20270531_K10000_3670;20270531;K10000;3670;BUD2027;105820.83;NOK;Månedlig periodisert 2027-budsjett for K10000 konto 3670
BUD2027_20270531_K10000_5000;20270531;K10000;5000;BUD2027;666666.67;NOK;Månedlig periodisert 2027-budsjett for K10000 konto 5000
BUD2027_20270531_K10000_5400;20270531;K10000;5400;BUD2027;150000.0;NOK;Månedlig periodisert 2027-budsjett for K10000 konto 5400
BUD2027_20270531_K10000_6420;20270531;K10000;6420;BUD2027;208333.33;NOK;Månedlig periodisert 2027-budsjett for K10000 konto 6420
BUD2027_20270531_K10000_6700;20270531;K10000;6700;BUD2027;100000.0;NOK;Månedlig periodisert 2027-budsjett for K10000 konto 6700
BUD2027_20270531_K10000_1250;20270531;K10000;1250;BUD2027;83333.33;NOK;Månedlig periodisert 2027-budsjett for K10000 konto 1250
BUD2027_20270531_K11000_3900;20270531;K11000;3900;BUD2027;5666666.67;NOK;Månedlig periodisert 2027-budsjett for K11000 konto 3900
BUD2027_20270531_K11000_3600;20270531;K11000;3600;BUD2027;666666.67;NOK;Månedlig periodisert 2027-budsjett for K11000 konto 3600
BUD2027_20270531_K11000_3630;20270531;K11000;3630;BUD2027;333333.33;NOK;Månedlig periodisert 2027-budsjett for K11000 konto 3630
BUD2027_20270531_K11000_5000;20270531;K11000;5000;BUD2027;4000000.0;NOK;Månedlig periodisert 2027-budsjett for K11000 konto 5000
BUD2027_20270531_K11000_5400;20270531;K11000;5400;BUD2027;916666.67;NOK;Månedlig periodisert 2027-budsjett for K11000 konto 5400
BUD2027_20270531_K11000_6300;20270531;K11000;6300;BUD2027;1000000.0;NOK;Månedlig periodisert 2027-budsjett for K11000 konto 6300
BUD2027_20270531_K11000_7130;20270531;K11000;7130;BUD2027;333333.33;NOK;Månedlig periodisert 2027-budsjett for K11000 konto 7130
BUD2027_20270531_K11000_1250;20270531;K11000;1250;BUD2027;250000.0;NOK;Månedlig periodisert 2027-budsjett for K11000 konto 1250
BUD2027_20270531_K12000_3900;20270531;K12000;3900;BUD2027;4833333.33;NOK;Månedlig periodisert 2027-budsjett for K12000 konto 3900
BUD2027_20270531_K12000_3400;20270531;K12000;3400;BUD2027;333333.33;NOK;Månedlig periodisert 2027-budsjett for K12000 konto 3400
BUD2027_20270531_K12000_5000;20270531;K12000;5000;BUD2027;3166666.67;NOK;Månedlig periodisert 2027-budsjett for K12000 konto 5000
BUD2027_20270531_K12000_5400;20270531;K12000;5400;BUD2027;733333.33;NOK;Månedlig periodisert 2027-budsjett for K12000 konto 5400
BUD2027_20270531_K12000_6300;20270531;K12000;6300;BUD2027;833333.33;NOK;Månedlig periodisert 2027-budsjett for K12000 konto 6300
BUD2027_20270531_K12000_7130;20270531;K12000;7130;BUD2027;183333.33;NOK;Månedlig periodisert 2027-budsjett for K12000 konto 7130
BUD2027_20270531_K12000_1250;20270531;K12000;1250;BUD2027;166666.67;NOK;Månedlig periodisert 2027-budsjett for K12000 konto 1250
BUD2027_20270531_K13000_3900;20270531;K13000;3900;BUD2027;9358345.83;NOK;Månedlig periodisert 2027-budsjett for K13000 konto 3900
BUD2027_20270531_K13000_3400;20270531;K13000;3400;BUD2027;1000000.0;NOK;Månedlig periodisert 2027-budsjett for K13000 konto 3400
BUD2027_20270531_K13000_3420;20270531;K13000;3420;BUD2027;333333.33;NOK;Månedlig periodisert 2027-budsjett for K13000 konto 3420
BUD2027_20270531_K13000_3630;20270531;K13000;3630;BUD2027;83333.33;NOK;Månedlig periodisert 2027-budsjett for K13000 konto 3630
BUD2027_20270531_K13000_5000;20270531;K13000;5000;BUD2027;5116666.67;NOK;Månedlig periodisert 2027-budsjett for K13000 konto 5000
BUD2027_20270531_K13000_5400;20270531;K13000;5400;BUD2027;1166666.67;NOK;Månedlig periodisert 2027-budsjett for K13000 konto 5400
BUD2027_20270531_K13000_6300;20270531;K13000;6300;BUD2027;1666666.67;NOK;Månedlig periodisert 2027-budsjett for K13000 konto 6300
BUD2027_20270531_K13000_6420;20270531;K13000;6420;BUD2027;341666.67;NOK;Månedlig periodisert 2027-budsjett for K13000 konto 6420
BUD2027_20270531_K13000_7130;20270531;K13000;7130;BUD2027;250000.0;NOK;Månedlig periodisert 2027-budsjett for K13000 konto 7130
BUD2027_20270531_K13000_1250;20270531;K13000;1250;BUD2027;2166666.67;NOK;Månedlig periodisert 2027-budsjett for K13000 konto 1250
BUD2027_20270630_K10000_3900;20270630;K10000;3900;BUD2027;1125000.0;NOK;Månedlig periodisert 2027-budsjett for K10000 konto 3900
BUD2027_20270630_K10000_3670;20270630;K10000;3670;BUD2027;105820.83;NOK;Månedlig periodisert 2027-budsjett for K10000 konto 3670
BUD2027_20270630_K10000_5000;20270630;K10000;5000;BUD2027;666666.67;NOK;Månedlig periodisert 2027-budsjett for K10000 konto 5000
BUD2027_20270630_K10000_5400;20270630;K10000;5400;BUD2027;150000.0;NOK;Månedlig periodisert 2027-budsjett for K10000 konto 5400
BUD2027_20270630_K10000_6420;20270630;K10000;6420;BUD2027;208333.33;NOK;Månedlig periodisert 2027-budsjett for K10000 konto 6420
BUD2027_20270630_K10000_6700;20270630;K10000;6700;BUD2027;100000.0;NOK;Månedlig periodisert 2027-budsjett for K10000 konto 6700
BUD2027_20270630_K10000_1250;20270630;K10000;1250;BUD2027;83333.33;NOK;Månedlig periodisert 2027-budsjett for K10000 konto 1250
BUD2027_20270630_K11000_3900;20270630;K11000;3900;BUD2027;5666666.67;NOK;Månedlig periodisert 2027-budsjett for K11000 konto 3900
BUD2027_20270630_K11000_3600;20270630;K11000;3600;BUD2027;666666.67;NOK;Månedlig periodisert 2027-budsjett for K11000 konto 3600
BUD2027_20270630_K11000_3630;20270630;K11000;3630;BUD2027;333333.33;NOK;Månedlig periodisert 2027-budsjett for K11000 konto 3630
BUD2027_20270630_K11000_5000;20270630;K11000;5000;BUD2027;4000000.0;NOK;Månedlig periodisert 2027-budsjett for K11000 konto 5000
BUD2027_20270630_K11000_5400;20270630;K11000;5400;BUD2027;916666.67;NOK;Månedlig periodisert 2027-budsjett for K11000 konto 5400
BUD2027_20270630_K11000_6300;20270630;K11000;6300;BUD2027;1000000.0;NOK;Månedlig periodisert 2027-budsjett for K11000 konto 6300
BUD2027_20270630_K11000_7130;20270630;K11000;7130;BUD2027;333333.33;NOK;Månedlig periodisert 2027-budsjett for K11000 konto 7130
BUD2027_20270630_K11000_1250;20270630;K11000;1250;BUD2027;250000.0;NOK;Månedlig periodisert 2027-budsjett for K11000 konto 1250
BUD2027_20270630_K12000_3900;20270630;K12000;3900;BUD2027;4833333.33;NOK;Månedlig periodisert 2027-budsjett for K12000 konto 3900
BUD2027_20270630_K12000_3400;20270630;K12000;3400;BUD2027;333333.33;NOK;Månedlig periodisert 2027-budsjett for K12000 konto 3400
BUD2027_20270630_K12000_5000;20270630;K12000;5000;BUD2027;3166666.67;NOK;Månedlig periodisert 2027-budsjett for K12000 konto 5000
BUD2027_20270630_K12000_5400;20270630;K12000;5400;BUD2027;733333.33;NOK;Månedlig periodisert 2027-budsjett for K12000 konto 5400
BUD2027_20270630_K12000_6300;20270630;K12000;6300;BUD2027;833333.33;NOK;Månedlig periodisert 2027-budsjett for K12000 konto 6300
BUD2027_20270630_K12000_7130;20270630;K12000;7130;BUD2027;183333.33;NOK;Månedlig periodisert 2027-budsjett for K12000 konto 7130
BUD2027_20270630_K12000_1250;20270630;K12000;1250;BUD2027;166666.67;NOK;Månedlig periodisert 2027-budsjett for K12000 konto 1250
BUD2027_20270630_K13000_3900;20270630;K13000;3900;BUD2027;9358345.83;NOK;Månedlig periodisert 2027-budsjett for K13000 konto 3900
BUD2027_20270630_K13000_3400;20270630;K13000;3400;BUD2027;1000000.0;NOK;Månedlig periodisert 2027-budsjett for K13000 konto 3400
BUD2027_20270630_K13000_3420;20270630;K13000;3420;BUD2027;333333.33;NOK;Månedlig periodisert 2027-budsjett for K13000 konto 3420
BUD2027_20270630_K13000_3630;20270630;K13000;3630;BUD2027;83333.33;NOK;Månedlig periodisert 2027-budsjett for K13000 konto 3630
BUD2027_20270630_K13000_5000;20270630;K13000;5000;BUD2027;5116666.67;NOK;Månedlig periodisert 2027-budsjett for K13000 konto 5000
BUD2027_20270630_K13000_5400;20270630;K13000;5400;BUD2027;1166666.67;NOK;Månedlig periodisert 2027-budsjett for K13000 konto 5400
BUD2027_20270630_K13000_6300;20270630;K13000;6300;BUD2027;1666666.67;NOK;Månedlig periodisert 2027-budsjett for K13000 konto 6300
BUD2027_20270630_K13000_6420;20270630;K13000;6420;BUD2027;341666.67;NOK;Månedlig periodisert 2027-budsjett for K13000 konto 6420
BUD2027_20270630_K13000_7130;20270630;K13000;7130;BUD2027;250000.0;NOK;Månedlig periodisert 2027-budsjett for K13000 konto 7130
BUD2027_20270630_K13000_1250;20270630;K13000;1250;BUD2027;2166666.67;NOK;Månedlig periodisert 2027-budsjett for K13000 konto 1250
BUD2027_20270731_K10000_3900;20270731;K10000;3900;BUD2027;1125000.0;NOK;Månedlig periodisert 2027-budsjett for K10000 konto 3900
BUD2027_20270731_K10000_3670;20270731;K10000;3670;BUD2027;105820.83;NOK;Månedlig periodisert 2027-budsjett for K10000 konto 3670
BUD2027_20270731_K10000_5000;20270731;K10000;5000;BUD2027;666666.67;NOK;Månedlig periodisert 2027-budsjett for K10000 konto 5000
BUD2027_20270731_K10000_5400;20270731;K10000;5400;BUD2027;150000.0;NOK;Månedlig periodisert 2027-budsjett for K10000 konto 5400
BUD2027_20270731_K10000_6420;20270731;K10000;6420;BUD2027;208333.33;NOK;Månedlig periodisert 2027-budsjett for K10000 konto 6420
BUD2027_20270731_K10000_6700;20270731;K10000;6700;BUD2027;100000.0;NOK;Månedlig periodisert 2027-budsjett for K10000 konto 6700
BUD2027_20270731_K10000_1250;20270731;K10000;1250;BUD2027;83333.33;NOK;Månedlig periodisert 2027-budsjett for K10000 konto 1250
BUD2027_20270731_K11000_3900;20270731;K11000;3900;BUD2027;5666666.67;NOK;Månedlig periodisert 2027-budsjett for K11000 konto 3900
BUD2027_20270731_K11000_3600;20270731;K11000;3600;BUD2027;666666.67;NOK;Månedlig periodisert 2027-budsjett for K11000 konto 3600
BUD2027_20270731_K11000_3630;20270731;K11000;3630;BUD2027;333333.33;NOK;Månedlig periodisert 2027-budsjett for K11000 konto 3630
BUD2027_20270731_K11000_5000;20270731;K11000;5000;BUD2027;4000000.0;NOK;Månedlig periodisert 2027-budsjett for K11000 konto 5000
BUD2027_20270731_K11000_5400;20270731;K11000;5400;BUD2027;916666.67;NOK;Månedlig periodisert 2027-budsjett for K11000 konto 5400
BUD2027_20270731_K11000_6300;20270731;K11000;6300;BUD2027;1000000.0;NOK;Månedlig periodisert 2027-budsjett for K11000 konto 6300
BUD2027_20270731_K11000_7130;20270731;K11000;7130;BUD2027;333333.33;NOK;Månedlig periodisert 2027-budsjett for K11000 konto 7130
BUD2027_20270731_K11000_1250;20270731;K11000;1250;BUD2027;250000.0;NOK;Månedlig periodisert 2027-budsjett for K11000 konto 1250
BUD2027_20270731_K12000_3900;20270731;K12000;3900;BUD2027;4833333.33;NOK;Månedlig periodisert 2027-budsjett for K12000 konto 3900
BUD2027_20270731_K12000_3400;20270731;K12000;3400;BUD2027;333333.33;NOK;Månedlig periodisert 2027-budsjett for K12000 konto 3400
BUD2027_20270731_K12000_5000;20270731;K12000;5000;BUD2027;3166666.67;NOK;Månedlig periodisert 2027-budsjett for K12000 konto 5000
BUD2027_20270731_K12000_5400;20270731;K12000;5400;BUD2027;733333.33;NOK;Månedlig periodisert 2027-budsjett for K12000 konto 5400
BUD2027_20270731_K12000_6300;20270731;K12000;6300;BUD2027;833333.33;NOK;Månedlig periodisert 2027-budsjett for K12000 konto 6300
BUD2027_20270731_K12000_7130;20270731;K12000;7130;BUD2027;183333.33;NOK;Månedlig periodisert 2027-budsjett for K12000 konto 7130
BUD2027_20270731_K12000_1250;20270731;K12000;1250;BUD2027;166666.67;NOK;Månedlig periodisert 2027-budsjett for K12000 konto 1250
BUD2027_20270731_K13000_3900;20270731;K13000;3900;BUD2027;9358345.83;NOK;Månedlig periodisert 2027-budsjett for K13000 konto 3900
BUD2027_20270731_K13000_3400;20270731;K13000;3400;BUD2027;1000000.0;NOK;Månedlig periodisert 2027-budsjett for K13000 konto 3400
BUD2027_20270731_K13000_3420;20270731;K13000;3420;BUD2027;333333.33;NOK;Månedlig periodisert 2027-budsjett for K13000 konto 3420
BUD2027_20270731_K13000_3630;20270731;K13000;3630;BUD2027;83333.33;NOK;Månedlig periodisert 2027-budsjett for K13000 konto 3630
BUD2027_20270731_K13000_5000;20270731;K13000;5000;BUD2027;5116666.67;NOK;Månedlig periodisert 2027-budsjett for K13000 konto 5000
BUD2027_20270731_K13000_5400;20270731;K13000;5400;BUD2027;1166666.67;NOK;Månedlig periodisert 2027-budsjett for K13000 konto 5400
BUD2027_20270731_K13000_6300;20270731;K13000;6300;BUD2027;1666666.67;NOK;Månedlig periodisert 2027-budsjett for K13000 konto 6300
BUD2027_20270731_K13000_6420;20270731;K13000;6420;BUD2027;341666.67;NOK;Månedlig periodisert 2027-budsjett for K13000 konto 6420
BUD2027_20270731_K13000_7130;20270731;K13000;7130;BUD2027;250000.0;NOK;Månedlig periodisert 2027-budsjett for K13000 konto 7130
BUD2027_20270731_K13000_1250;20270731;K13000;1250;BUD2027;2166666.67;NOK;Månedlig periodisert 2027-budsjett for K13000 konto 1250
BUD2027_20270831_K10000_3900;20270831;K10000;3900;BUD2027;1125000.0;NOK;Månedlig periodisert 2027-budsjett for K10000 konto 3900
BUD2027_20270831_K10000_3670;20270831;K10000;3670;BUD2027;105820.83;NOK;Månedlig periodisert 2027-budsjett for K10000 konto 3670
BUD2027_20270831_K10000_5000;20270831;K10000;5000;BUD2027;666666.67;NOK;Månedlig periodisert 2027-budsjett for K10000 konto 5000
BUD2027_20270831_K10000_5400;20270831;K10000;5400;BUD2027;150000.0;NOK;Månedlig periodisert 2027-budsjett for K10000 konto 5400
BUD2027_20270831_K10000_6420;20270831;K10000;6420;BUD2027;208333.33;NOK;Månedlig periodisert 2027-budsjett for K10000 konto 6420
BUD2027_20270831_K10000_6700;20270831;K10000;6700;BUD2027;100000.0;NOK;Månedlig periodisert 2027-budsjett for K10000 konto 6700
BUD2027_20270831_K10000_1250;20270831;K10000;1250;BUD2027;83333.33;NOK;Månedlig periodisert 2027-budsjett for K10000 konto 1250
BUD2027_20270831_K11000_3900;20270831;K11000;3900;BUD2027;5666666.67;NOK;Månedlig periodisert 2027-budsjett for K11000 konto 3900
BUD2027_20270831_K11000_3600;20270831;K11000;3600;BUD2027;666666.67;NOK;Månedlig periodisert 2027-budsjett for K11000 konto 3600
BUD2027_20270831_K11000_3630;20270831;K11000;3630;BUD2027;333333.33;NOK;Månedlig periodisert 2027-budsjett for K11000 konto 3630
BUD2027_20270831_K11000_5000;20270831;K11000;5000;BUD2027;4000000.0;NOK;Månedlig periodisert 2027-budsjett for K11000 konto 5000
BUD2027_20270831_K11000_5400;20270831;K11000;5400;BUD2027;916666.67;NOK;Månedlig periodisert 2027-budsjett for K11000 konto 5400
BUD2027_20270831_K11000_6300;20270831;K11000;6300;BUD2027;1000000.0;NOK;Månedlig periodisert 2027-budsjett for K11000 konto 6300
BUD2027_20270831_K11000_7130;20270831;K11000;7130;BUD2027;333333.33;NOK;Månedlig periodisert 2027-budsjett for K11000 konto 7130
BUD2027_20270831_K11000_1250;20270831;K11000;1250;BUD2027;250000.0;NOK;Månedlig periodisert 2027-budsjett for K11000 konto 1250
BUD2027_20270831_K12000_3900;20270831;K12000;3900;BUD2027;4833333.33;NOK;Månedlig periodisert 2027-budsjett for K12000 konto 3900
BUD2027_20270831_K12000_3400;20270831;K12000;3400;BUD2027;333333.33;NOK;Månedlig periodisert 2027-budsjett for K12000 konto 3400
BUD2027_20270831_K12000_5000;20270831;K12000;5000;BUD2027;3166666.67;NOK;Månedlig periodisert 2027-budsjett for K12000 konto 5000
BUD2027_20270831_K12000_5400;20270831;K12000;5400;BUD2027;733333.33;NOK;Månedlig periodisert 2027-budsjett for K12000 konto 5400
BUD2027_20270831_K12000_6300;20270831;K12000;6300;BUD2027;833333.33;NOK;Månedlig periodisert 2027-budsjett for K12000 konto 6300
BUD2027_20270831_K12000_7130;20270831;K12000;7130;BUD2027;183333.33;NOK;Månedlig periodisert 2027-budsjett for K12000 konto 7130
BUD2027_20270831_K12000_1250;20270831;K12000;1250;BUD2027;166666.67;NOK;Månedlig periodisert 2027-budsjett for K12000 konto 1250
BUD2027_20270831_K13000_3900;20270831;K13000;3900;BUD2027;9358345.83;NOK;Månedlig periodisert 2027-budsjett for K13000 konto 3900
BUD2027_20270831_K13000_3400;20270831;K13000;3400;BUD2027;1000000.0;NOK;Månedlig periodisert 2027-budsjett for K13000 konto 3400
BUD2027_20270831_K13000_3420;20270831;K13000;3420;BUD2027;333333.33;NOK;Månedlig periodisert 2027-budsjett for K13000 konto 3420
BUD2027_20270831_K13000_3630;20270831;K13000;3630;BUD2027;83333.33;NOK;Månedlig periodisert 2027-budsjett for K13000 konto 3630
BUD2027_20270831_K13000_5000;20270831;K13000;5000;BUD2027;5116666.67;NOK;Månedlig periodisert 2027-budsjett for K13000 konto 5000
BUD2027_20270831_K13000_5400;20270831;K13000;5400;BUD2027;1166666.67;NOK;Månedlig periodisert 2027-budsjett for K13000 konto 5400
BUD2027_20270831_K13000_6300;20270831;K13000;6300;BUD2027;1666666.67;NOK;Månedlig periodisert 2027-budsjett for K13000 konto 6300
BUD2027_20270831_K13000_6420;20270831;K13000;6420;BUD2027;341666.67;NOK;Månedlig periodisert 2027-budsjett for K13000 konto 6420
BUD2027_20270831_K13000_7130;20270831;K13000;7130;BUD2027;250000.0;NOK;Månedlig periodisert 2027-budsjett for K13000 konto 7130
BUD2027_20270831_K13000_1250;20270831;K13000;1250;BUD2027;2166666.67;NOK;Månedlig periodisert 2027-budsjett for K13000 konto 1250
BUD2027_20270930_K10000_3900;20270930;K10000;3900;BUD2027;1125000.0;NOK;Månedlig periodisert 2027-budsjett for K10000 konto 3900
BUD2027_20270930_K10000_3670;20270930;K10000;3670;BUD2027;105820.83;NOK;Månedlig periodisert 2027-budsjett for K10000 konto 3670
BUD2027_20270930_K10000_5000;20270930;K10000;5000;BUD2027;666666.67;NOK;Månedlig periodisert 2027-budsjett for K10000 konto 5000
BUD2027_20270930_K10000_5400;20270930;K10000;5400;BUD2027;150000.0;NOK;Månedlig periodisert 2027-budsjett for K10000 konto 5400
BUD2027_20270930_K10000_6420;20270930;K10000;6420;BUD2027;208333.33;NOK;Månedlig periodisert 2027-budsjett for K10000 konto 6420
BUD2027_20270930_K10000_6700;20270930;K10000;6700;BUD2027;100000.0;NOK;Månedlig periodisert 2027-budsjett for K10000 konto 6700
BUD2027_20270930_K10000_1250;20270930;K10000;1250;BUD2027;83333.33;NOK;Månedlig periodisert 2027-budsjett for K10000 konto 1250
BUD2027_20270930_K11000_3900;20270930;K11000;3900;BUD2027;5666666.67;NOK;Månedlig periodisert 2027-budsjett for K11000 konto 3900
BUD2027_20270930_K11000_3600;20270930;K11000;3600;BUD2027;666666.67;NOK;Månedlig periodisert 2027-budsjett for K11000 konto 3600
BUD2027_20270930_K11000_3630;20270930;K11000;3630;BUD2027;333333.33;NOK;Månedlig periodisert 2027-budsjett for K11000 konto 3630
BUD2027_20270930_K11000_5000;20270930;K11000;5000;BUD2027;4000000.0;NOK;Månedlig periodisert 2027-budsjett for K11000 konto 5000
BUD2027_20270930_K11000_5400;20270930;K11000;5400;BUD2027;916666.67;NOK;Månedlig periodisert 2027-budsjett for K11000 konto 5400
BUD2027_20270930_K11000_6300;20270930;K11000;6300;BUD2027;1000000.0;NOK;Månedlig periodisert 2027-budsjett for K11000 konto 6300
BUD2027_20270930_K11000_7130;20270930;K11000;7130;BUD2027;333333.33;NOK;Månedlig periodisert 2027-budsjett for K11000 konto 7130
BUD2027_20270930_K11000_1250;20270930;K11000;1250;BUD2027;250000.0;NOK;Månedlig periodisert 2027-budsjett for K11000 konto 1250
BUD2027_20270930_K12000_3900;20270930;K12000;3900;BUD2027;4833333.33;NOK;Månedlig periodisert 2027-budsjett for K12000 konto 3900
BUD2027_20270930_K12000_3400;20270930;K12000;3400;BUD2027;333333.33;NOK;Månedlig periodisert 2027-budsjett for K12000 konto 3400
BUD2027_20270930_K12000_5000;20270930;K12000;5000;BUD2027;3166666.67;NOK;Månedlig periodisert 2027-budsjett for K12000 konto 5000
BUD2027_20270930_K12000_5400;20270930;K12000;5400;BUD2027;733333.33;NOK;Månedlig periodisert 2027-budsjett for K12000 konto 5400
BUD2027_20270930_K12000_6300;20270930;K12000;6300;BUD2027;833333.33;NOK;Månedlig periodisert 2027-budsjett for K12000 konto 6300
BUD2027_20270930_K12000_7130;20270930;K12000;7130;BUD2027;183333.33;NOK;Månedlig periodisert 2027-budsjett for K12000 konto 7130
BUD2027_20270930_K12000_1250;20270930;K12000;1250;BUD2027;166666.67;NOK;Månedlig periodisert 2027-budsjett for K12000 konto 1250
BUD2027_20270930_K13000_3900;20270930;K13000;3900;BUD2027;9358345.83;NOK;Månedlig periodisert 2027-budsjett for K13000 konto 3900
BUD2027_20270930_K13000_3400;20270930;K13000;3400;BUD2027;1000000.0;NOK;Månedlig periodisert 2027-budsjett for K13000 konto 3400
BUD2027_20270930_K13000_3420;20270930;K13000;3420;BUD2027;333333.33;NOK;Månedlig periodisert 2027-budsjett for K13000 konto 3420
BUD2027_20270930_K13000_3630;20270930;K13000;3630;BUD2027;83333.33;NOK;Månedlig periodisert 2027-budsjett for K13000 konto 3630
BUD2027_20270930_K13000_5000;20270930;K13000;5000;BUD2027;5116666.67;NOK;Månedlig periodisert 2027-budsjett for K13000 konto 5000
BUD2027_20270930_K13000_5400;20270930;K13000;5400;BUD2027;1166666.67;NOK;Månedlig periodisert 2027-budsjett for K13000 konto 5400
BUD2027_20270930_K13000_6300;20270930;K13000;6300;BUD2027;1666666.67;NOK;Månedlig periodisert 2027-budsjett for K13000 konto 6300
BUD2027_20270930_K13000_6420;20270930;K13000;6420;BUD2027;341666.67;NOK;Månedlig periodisert 2027-budsjett for K13000 konto 6420
BUD2027_20270930_K13000_7130;20270930;K13000;7130;BUD2027;250000.0;NOK;Månedlig periodisert 2027-budsjett for K13000 konto 7130
BUD2027_20270930_K13000_1250;20270930;K13000;1250;BUD2027;2166666.67;NOK;Månedlig periodisert 2027-budsjett for K13000 konto 1250
BUD2027_20271031_K10000_3900;20271031;K10000;3900;BUD2027;1125000.0;NOK;Månedlig periodisert 2027-budsjett for K10000 konto 3900
BUD2027_20271031_K10000_3670;20271031;K10000;3670;BUD2027;105820.83;NOK;Månedlig periodisert 2027-budsjett for K10000 konto 3670
BUD2027_20271031_K10000_5000;20271031;K10000;5000;BUD2027;666666.67;NOK;Månedlig periodisert 2027-budsjett for K10000 konto 5000
BUD2027_20271031_K10000_5400;20271031;K10000;5400;BUD2027;150000.0;NOK;Månedlig periodisert 2027-budsjett for K10000 konto 5400
BUD2027_20271031_K10000_6420;20271031;K10000;6420;BUD2027;208333.33;NOK;Månedlig periodisert 2027-budsjett for K10000 konto 6420
BUD2027_20271031_K10000_6700;20271031;K10000;6700;BUD2027;100000.0;NOK;Månedlig periodisert 2027-budsjett for K10000 konto 6700
BUD2027_20271031_K10000_1250;20271031;K10000;1250;BUD2027;83333.33;NOK;Månedlig periodisert 2027-budsjett for K10000 konto 1250
BUD2027_20271031_K11000_3900;20271031;K11000;3900;BUD2027;5666666.67;NOK;Månedlig periodisert 2027-budsjett for K11000 konto 3900
BUD2027_20271031_K11000_3600;20271031;K11000;3600;BUD2027;666666.67;NOK;Månedlig periodisert 2027-budsjett for K11000 konto 3600
BUD2027_20271031_K11000_3630;20271031;K11000;3630;BUD2027;333333.33;NOK;Månedlig periodisert 2027-budsjett for K11000 konto 3630
BUD2027_20271031_K11000_5000;20271031;K11000;5000;BUD2027;4000000.0;NOK;Månedlig periodisert 2027-budsjett for K11000 konto 5000
BUD2027_20271031_K11000_5400;20271031;K11000;5400;BUD2027;916666.67;NOK;Månedlig periodisert 2027-budsjett for K11000 konto 5400
BUD2027_20271031_K11000_6300;20271031;K11000;6300;BUD2027;1000000.0;NOK;Månedlig periodisert 2027-budsjett for K11000 konto 6300
BUD2027_20271031_K11000_7130;20271031;K11000;7130;BUD2027;333333.33;NOK;Månedlig periodisert 2027-budsjett for K11000 konto 7130
BUD2027_20271031_K11000_1250;20271031;K11000;1250;BUD2027;250000.0;NOK;Månedlig periodisert 2027-budsjett for K11000 konto 1250
BUD2027_20271031_K12000_3900;20271031;K12000;3900;BUD2027;4833333.33;NOK;Månedlig periodisert 2027-budsjett for K12000 konto 3900
BUD2027_20271031_K12000_3400;20271031;K12000;3400;BUD2027;333333.33;NOK;Månedlig periodisert 2027-budsjett for K12000 konto 3400
BUD2027_20271031_K12000_5000;20271031;K12000;5000;BUD2027;3166666.67;NOK;Månedlig periodisert 2027-budsjett for K12000 konto 5000
BUD2027_20271031_K12000_5400;20271031;K12000;5400;BUD2027;733333.33;NOK;Månedlig periodisert 2027-budsjett for K12000 konto 5400
BUD2027_20271031_K12000_6300;20271031;K12000;6300;BUD2027;833333.33;NOK;Månedlig periodisert 2027-budsjett for K12000 konto 6300
BUD2027_20271031_K12000_7130;20271031;K12000;7130;BUD2027;183333.33;NOK;Månedlig periodisert 2027-budsjett for K12000 konto 7130
BUD2027_20271031_K12000_1250;20271031;K12000;1250;BUD2027;166666.67;NOK;Månedlig periodisert 2027-budsjett for K12000 konto 1250
BUD2027_20271031_K13000_3900;20271031;K13000;3900;BUD2027;9358345.83;NOK;Månedlig periodisert 2027-budsjett for K13000 konto 3900
BUD2027_20271031_K13000_3400;20271031;K13000;3400;BUD2027;1000000.0;NOK;Månedlig periodisert 2027-budsjett for K13000 konto 3400
BUD2027_20271031_K13000_3420;20271031;K13000;3420;BUD2027;333333.33;NOK;Månedlig periodisert 2027-budsjett for K13000 konto 3420
BUD2027_20271031_K13000_3630;20271031;K13000;3630;BUD2027;83333.33;NOK;Månedlig periodisert 2027-budsjett for K13000 konto 3630
BUD2027_20271031_K13000_5000;20271031;K13000;5000;BUD2027;5116666.67;NOK;Månedlig periodisert 2027-budsjett for K13000 konto 5000
BUD2027_20271031_K13000_5400;20271031;K13000;5400;BUD2027;1166666.67;NOK;Månedlig periodisert 2027-budsjett for K13000 konto 5400
BUD2027_20271031_K13000_6300;20271031;K13000;6300;BUD2027;1666666.67;NOK;Månedlig periodisert 2027-budsjett for K13000 konto 6300
BUD2027_20271031_K13000_6420;20271031;K13000;6420;BUD2027;341666.67;NOK;Månedlig periodisert 2027-budsjett for K13000 konto 6420
BUD2027_20271031_K13000_7130;20271031;K13000;7130;BUD2027;250000.0;NOK;Månedlig periodisert 2027-budsjett for K13000 konto 7130
BUD2027_20271031_K13000_1250;20271031;K13000;1250;BUD2027;2166666.67;NOK;Månedlig periodisert 2027-budsjett for K13000 konto 1250
BUD2027_20271130_K10000_3900;20271130;K10000;3900;BUD2027;1125000.0;NOK;Månedlig periodisert 2027-budsjett for K10000 konto 3900
BUD2027_20271130_K10000_3670;20271130;K10000;3670;BUD2027;105820.83;NOK;Månedlig periodisert 2027-budsjett for K10000 konto 3670
BUD2027_20271130_K10000_5000;20271130;K10000;5000;BUD2027;666666.67;NOK;Månedlig periodisert 2027-budsjett for K10000 konto 5000
BUD2027_20271130_K10000_5400;20271130;K10000;5400;BUD2027;150000.0;NOK;Månedlig periodisert 2027-budsjett for K10000 konto 5400
BUD2027_20271130_K10000_6420;20271130;K10000;6420;BUD2027;208333.33;NOK;Månedlig periodisert 2027-budsjett for K10000 konto 6420
BUD2027_20271130_K10000_6700;20271130;K10000;6700;BUD2027;100000.0;NOK;Månedlig periodisert 2027-budsjett for K10000 konto 6700
BUD2027_20271130_K10000_1250;20271130;K10000;1250;BUD2027;83333.33;NOK;Månedlig periodisert 2027-budsjett for K10000 konto 1250
BUD2027_20271130_K11000_3900;20271130;K11000;3900;BUD2027;5666666.67;NOK;Månedlig periodisert 2027-budsjett for K11000 konto 3900
BUD2027_20271130_K11000_3600;20271130;K11000;3600;BUD2027;666666.67;NOK;Månedlig periodisert 2027-budsjett for K11000 konto 3600
BUD2027_20271130_K11000_3630;20271130;K11000;3630;BUD2027;333333.33;NOK;Månedlig periodisert 2027-budsjett for K11000 konto 3630
BUD2027_20271130_K11000_5000;20271130;K11000;5000;BUD2027;4000000.0;NOK;Månedlig periodisert 2027-budsjett for K11000 konto 5000
BUD2027_20271130_K11000_5400;20271130;K11000;5400;BUD2027;916666.67;NOK;Månedlig periodisert 2027-budsjett for K11000 konto 5400
BUD2027_20271130_K11000_6300;20271130;K11000;6300;BUD2027;1000000.0;NOK;Månedlig periodisert 2027-budsjett for K11000 konto 6300
BUD2027_20271130_K11000_7130;20271130;K11000;7130;BUD2027;333333.33;NOK;Månedlig periodisert 2027-budsjett for K11000 konto 7130
BUD2027_20271130_K11000_1250;20271130;K11000;1250;BUD2027;250000.0;NOK;Månedlig periodisert 2027-budsjett for K11000 konto 1250
BUD2027_20271130_K12000_3900;20271130;K12000;3900;BUD2027;4833333.33;NOK;Månedlig periodisert 2027-budsjett for K12000 konto 3900
BUD2027_20271130_K12000_3400;20271130;K12000;3400;BUD2027;333333.33;NOK;Månedlig periodisert 2027-budsjett for K12000 konto 3400
BUD2027_20271130_K12000_5000;20271130;K12000;5000;BUD2027;3166666.67;NOK;Månedlig periodisert 2027-budsjett for K12000 konto 5000
BUD2027_20271130_K12000_5400;20271130;K12000;5400;BUD2027;733333.33;NOK;Månedlig periodisert 2027-budsjett for K12000 konto 5400
BUD2027_20271130_K12000_6300;20271130;K12000;6300;BUD2027;833333.33;NOK;Månedlig periodisert 2027-budsjett for K12000 konto 6300
BUD2027_20271130_K12000_7130;20271130;K12000;7130;BUD2027;183333.33;NOK;Månedlig periodisert 2027-budsjett for K12000 konto 7130
BUD2027_20271130_K12000_1250;20271130;K12000;1250;BUD2027;166666.67;NOK;Månedlig periodisert 2027-budsjett for K12000 konto 1250
BUD2027_20271130_K13000_3900;20271130;K13000;3900;BUD2027;9358345.83;NOK;Månedlig periodisert 2027-budsjett for K13000 konto 3900
BUD2027_20271130_K13000_3400;20271130;K13000;3400;BUD2027;1000000.0;NOK;Månedlig periodisert 2027-budsjett for K13000 konto 3400
BUD2027_20271130_K13000_3420;20271130;K13000;3420;BUD2027;333333.33;NOK;Månedlig periodisert 2027-budsjett for K13000 konto 3420
BUD2027_20271130_K13000_3630;20271130;K13000;3630;BUD2027;83333.33;NOK;Månedlig periodisert 2027-budsjett for K13000 konto 3630
BUD2027_20271130_K13000_5000;20271130;K13000;5000;BUD2027;5116666.67;NOK;Månedlig periodisert 2027-budsjett for K13000 konto 5000
BUD2027_20271130_K13000_5400;20271130;K13000;5400;BUD2027;1166666.67;NOK;Månedlig periodisert 2027-budsjett for K13000 konto 5400
BUD2027_20271130_K13000_6300;20271130;K13000;6300;BUD2027;1666666.67;NOK;Månedlig periodisert 2027-budsjett for K13000 konto 6300
BUD2027_20271130_K13000_6420;20271130;K13000;6420;BUD2027;341666.67;NOK;Månedlig periodisert 2027-budsjett for K13000 konto 6420
BUD2027_20271130_K13000_7130;20271130;K13000;7130;BUD2027;250000.0;NOK;Månedlig periodisert 2027-budsjett for K13000 konto 7130
BUD2027_20271130_K13000_1250;20271130;K13000;1250;BUD2027;2166666.67;NOK;Månedlig periodisert 2027-budsjett for K13000 konto 1250
BUD2027_20271231_K10000_3900;20271231;K10000;3900;BUD2027;1125000.0;NOK;Månedlig periodisert 2027-budsjett for K10000 konto 3900
BUD2027_20271231_K10000_3670;20271231;K10000;3670;BUD2027;105820.83;NOK;Månedlig periodisert 2027-budsjett for K10000 konto 3670
BUD2027_20271231_K10000_5000;20271231;K10000;5000;BUD2027;666666.67;NOK;Månedlig periodisert 2027-budsjett for K10000 konto 5000
BUD2027_20271231_K10000_5400;20271231;K10000;5400;BUD2027;150000.0;NOK;Månedlig periodisert 2027-budsjett for K10000 konto 5400
BUD2027_20271231_K10000_6420;20271231;K10000;6420;BUD2027;208333.33;NOK;Månedlig periodisert 2027-budsjett for K10000 konto 6420
BUD2027_20271231_K10000_6700;20271231;K10000;6700;BUD2027;100000.0;NOK;Månedlig periodisert 2027-budsjett for K10000 konto 6700
BUD2027_20271231_K10000_1250;20271231;K10000;1250;BUD2027;83333.33;NOK;Månedlig periodisert 2027-budsjett for K10000 konto 1250
BUD2027_20271231_K11000_3900;20271231;K11000;3900;BUD2027;5666666.67;NOK;Månedlig periodisert 2027-budsjett for K11000 konto 3900
BUD2027_20271231_K11000_3600;20271231;K11000;3600;BUD2027;666666.67;NOK;Månedlig periodisert 2027-budsjett for K11000 konto 3600
BUD2027_20271231_K11000_3630;20271231;K11000;3630;BUD2027;333333.33;NOK;Månedlig periodisert 2027-budsjett for K11000 konto 3630
BUD2027_20271231_K11000_5000;20271231;K11000;5000;BUD2027;4000000.0;NOK;Månedlig periodisert 2027-budsjett for K11000 konto 5000
BUD2027_20271231_K11000_5400;20271231;K11000;5400;BUD2027;916666.67;NOK;Månedlig periodisert 2027-budsjett for K11000 konto 5400
BUD2027_20271231_K11000_6300;20271231;K11000;6300;BUD2027;1000000.0;NOK;Månedlig periodisert 2027-budsjett for K11000 konto 6300
BUD2027_20271231_K11000_7130;20271231;K11000;7130;BUD2027;333333.33;NOK;Månedlig periodisert 2027-budsjett for K11000 konto 7130
BUD2027_20271231_K11000_1250;20271231;K11000;1250;BUD2027;250000.0;NOK;Månedlig periodisert 2027-budsjett for K11000 konto 1250
BUD2027_20271231_K12000_3900;20271231;K12000;3900;BUD2027;4833333.33;NOK;Månedlig periodisert 2027-budsjett for K12000 konto 3900
BUD2027_20271231_K12000_3400;20271231;K12000;3400;BUD2027;333333.33;NOK;Månedlig periodisert 2027-budsjett for K12000 konto 3400
BUD2027_20271231_K12000_5000;20271231;K12000;5000;BUD2027;3166666.67;NOK;Månedlig periodisert 2027-budsjett for K12000 konto 5000
BUD2027_20271231_K12000_5400;20271231;K12000;5400;BUD2027;733333.33;NOK;Månedlig periodisert 2027-budsjett for K12000 konto 5400
BUD2027_20271231_K12000_6300;20271231;K12000;6300;BUD2027;833333.33;NOK;Månedlig periodisert 2027-budsjett for K12000 konto 6300
BUD2027_20271231_K12000_7130;20271231;K12000;7130;BUD2027;183333.33;NOK;Månedlig periodisert 2027-budsjett for K12000 konto 7130
BUD2027_20271231_K12000_1250;20271231;K12000;1250;BUD2027;166666.67;NOK;Månedlig periodisert 2027-budsjett for K12000 konto 1250
BUD2027_20271231_K13000_3900;20271231;K13000;3900;BUD2027;9358345.83;NOK;Månedlig periodisert 2027-budsjett for K13000 konto 3900
BUD2027_20271231_K13000_3400;20271231;K13000;3400;BUD2027;1000000.0;NOK;Månedlig periodisert 2027-budsjett for K13000 konto 3400
BUD2027_20271231_K13000_3420;20271231;K13000;3420;BUD2027;333333.33;NOK;Månedlig periodisert 2027-budsjett for K13000 konto 3420
BUD2027_20271231_K13000_3630;20271231;K13000;3630;BUD2027;83333.33;NOK;Månedlig periodisert 2027-budsjett for K13000 konto 3630
BUD2027_20271231_K13000_5000;20271231;K13000;5000;BUD2027;5116666.67;NOK;Månedlig periodisert 2027-budsjett for K13000 konto 5000
BUD2027_20271231_K13000_5400;20271231;K13000;5400;BUD2027;1166666.67;NOK;Månedlig periodisert 2027-budsjett for K13000 konto 5400
BUD2027_20271231_K13000_6300;20271231;K13000;6300;BUD2027;1666666.67;NOK;Månedlig periodisert 2027-budsjett for K13000 konto 6300
BUD2027_20271231_K13000_6420;20271231;K13000;6420;BUD2027;341666.67;NOK;Månedlig periodisert 2027-budsjett for K13000 konto 6420
BUD2027_20271231_K13000_7130;20271231;K13000;7130;BUD2027;250000.0;NOK;Månedlig periodisert 2027-budsjett for K13000 konto 7130
BUD2027_20271231_K13000_1250;20271231;K13000;1250;BUD2027;2166666.67;NOK;Månedlig periodisert 2027-budsjett for K13000 konto 1250
