DatoNokkel;Dato;MaanedNavn;Kvartal;OrgKode;Enhet;FakultetKort;Konto;Kontonavn;Kontoklasse;Kontogruppe;SRS_regnskapslinje;Artstype;Kategori;Belop_MNOK;Belop_signert_MNOK;VersjonKode
202601;2026-01-31;Januar;Q1;1100;Handelshøyskolen ved UiA;HHU;3900;Inntekt fra bevilgninger;Salgs- og driftsinntekt;Inntekt fra bevilgninger;Inntekt fra bevilgninger;Inntekt;Statlig Bevilgning;20.56;-20.56;ACTUAL_YTD_SEP2026
202601;2026-01-31;Januar;Q1;1100;Handelshøyskolen ved UiA;HHU;3400;Tilskudd fra NFR/EU (BOA);Salgs- og driftsinntekt;Inntekt fra tilskudd og overføringer;Tilskudd og overforinger;Inntekt;Forskning (BOA);1.52;-1.52;ACTUAL_YTD_SEP2026
202601;2026-01-31;Januar;Q1;1100;Handelshøyskolen ved UiA;HHU;3670;Salgs- og oppdragsinntekt;Salgs- og driftsinntekt;Leieinntekt og annen driftsinntekt;Andre driftsinntekter;Inntekt;Andre Inntekter;0.595;-0.595;ACTUAL_YTD_SEP2026
202601;2026-01-31;Januar;Q1;1100;Handelshøyskolen ved UiA;HHU;5000;Lønn og sosiale kostnader;Lønnskostnad;Lønn fast ansatte;Lonnskostnader;Kostnad;Lønnskostnader;14.538;14.538;ACTUAL_YTD_SEP2026
202601;2026-01-31;Januar;Q1;1100;Handelshøyskolen ved UiA;HHU;6300;Andre driftskostnader;Annen driftskostnad;Kostnader lokaler;Andre driftskostnader;Kostnad;Driftskostnader;5.225;5.225;ACTUAL_YTD_SEP2026
202601;2026-01-31;Januar;Q1;1100;Handelshøyskolen ved UiA;HHU;6050;Investeringer og avskrivninger;Annen driftskostnad;Av- og nedskrivning;Av- og nedskrivninger;Kostnad;Investeringer (Capex);1.995;1.995;ACTUAL_YTD_SEP2026
202601;2026-01-31;Januar;Q1;1200;Fakultet for teknologi og realfag;TEK;3900;Inntekt fra bevilgninger;Salgs- og driftsinntekt;Inntekt fra bevilgninger;Inntekt fra bevilgninger;Inntekt;Statlig Bevilgning;27.758;-27.758;ACTUAL_YTD_SEP2026
202601;2026-01-31;Januar;Q1;1200;Fakultet for teknologi og realfag;TEK;3400;Tilskudd fra NFR/EU (BOA);Salgs- og driftsinntekt;Inntekt fra tilskudd og overføringer;Tilskudd og overforinger;Inntekt;Forskning (BOA);3.317;-3.317;ACTUAL_YTD_SEP2026
202601;2026-01-31;Januar;Q1;1200;Fakultet for teknologi og realfag;TEK;3670;Salgs- og oppdragsinntekt;Salgs- og driftsinntekt;Leieinntekt og annen driftsinntekt;Andre driftsinntekter;Inntekt;Andre Inntekter;1.496;-1.496;ACTUAL_YTD_SEP2026
202601;2026-01-31;Januar;Q1;1200;Fakultet for teknologi og realfag;TEK;5000;Lønn og sosiale kostnader;Lønnskostnad;Lønn fast ansatte;Lonnskostnader;Kostnad;Lønnskostnader;20.657;20.657;ACTUAL_YTD_SEP2026
202601;2026-01-31;Januar;Q1;1200;Fakultet for teknologi og realfag;TEK;6300;Andre driftskostnader;Annen driftskostnad;Kostnader lokaler;Andre driftskostnader;Kostnad;Driftskostnader;7.425;7.425;ACTUAL_YTD_SEP2026
202601;2026-01-31;Januar;Q1;1200;Fakultet for teknologi og realfag;TEK;6050;Investeringer og avskrivninger;Annen driftskostnad;Av- og nedskrivning;Av- og nedskrivninger;Kostnad;Investeringer (Capex);3.675;3.675;ACTUAL_YTD_SEP2026
202601;2026-01-31;Januar;Q1;1300;Fakultet for helse- og idrettsvitenskap;HEL;3900;Inntekt fra bevilgninger;Salgs- og driftsinntekt;Inntekt fra bevilgninger;Inntekt fra bevilgninger;Inntekt;Statlig Bevilgning;23.642;-23.642;ACTUAL_YTD_SEP2026
202601;2026-01-31;Januar;Q1;1300;Fakultet for helse- og idrettsvitenskap;HEL;3400;Tilskudd fra NFR/EU (BOA);Salgs- og driftsinntekt;Inntekt fra tilskudd og overføringer;Tilskudd og overforinger;Inntekt;Forskning (BOA);1.728;-1.728;ACTUAL_YTD_SEP2026
202601;2026-01-31;Januar;Q1;1300;Fakultet for helse- og idrettsvitenskap;HEL;3670;Salgs- og oppdragsinntekt;Salgs- og driftsinntekt;Leieinntekt og annen driftsinntekt;Andre driftsinntekter;Inntekt;Andre Inntekter;1.129;-1.129;ACTUAL_YTD_SEP2026
202601;2026-01-31;Januar;Q1;1300;Fakultet for helse- og idrettsvitenskap;HEL;5000;Lønn og sosiale kostnader;Lønnskostnad;Lønn fast ansatte;Lonnskostnader;Kostnad;Lønnskostnader;17.593;17.593;ACTUAL_YTD_SEP2026
202601;2026-01-31;Januar;Q1;1300;Fakultet for helse- og idrettsvitenskap;HEL;6300;Andre driftskostnader;Annen driftskostnad;Kostnader lokaler;Andre driftskostnader;Kostnad;Driftskostnader;6.325;6.325;ACTUAL_YTD_SEP2026
202601;2026-01-31;Januar;Q1;1300;Fakultet for helse- og idrettsvitenskap;HEL;6050;Investeringer og avskrivninger;Annen driftskostnad;Av- og nedskrivning;Av- og nedskrivninger;Kostnad;Investeringer (Capex);2.205;2.205;ACTUAL_YTD_SEP2026
202601;2026-01-31;Januar;Q1;1400;Fakultet for samfunnsvitenskap;SAM;3900;Inntekt fra bevilgninger;Salgs- og driftsinntekt;Inntekt fra bevilgninger;Inntekt fra bevilgninger;Inntekt;Statlig Bevilgning;13.362;-13.362;ACTUAL_YTD_SEP2026
202601;2026-01-31;Januar;Q1;1400;Fakultet for samfunnsvitenskap;SAM;3400;Tilskudd fra NFR/EU (BOA);Salgs- og driftsinntekt;Inntekt fra tilskudd og overføringer;Tilskudd og overforinger;Inntekt;Forskning (BOA);1.037;-1.037;ACTUAL_YTD_SEP2026
202601;2026-01-31;Januar;Q1;1400;Fakultet for samfunnsvitenskap;SAM;3670;Salgs- og oppdragsinntekt;Salgs- og driftsinntekt;Leieinntekt og annen driftsinntekt;Andre driftsinntekter;Inntekt;Andre Inntekter;0.679;-0.679;ACTUAL_YTD_SEP2026
202601;2026-01-31;Januar;Q1;1400;Fakultet for samfunnsvitenskap;SAM;5000;Lønn og sosiale kostnader;Lønnskostnad;Lønn fast ansatte;Lonnskostnader;Kostnad;Lønnskostnader;9.943;9.943;ACTUAL_YTD_SEP2026
202601;2026-01-31;Januar;Q1;1400;Fakultet for samfunnsvitenskap;SAM;6300;Andre driftskostnader;Annen driftskostnad;Kostnader lokaler;Andre driftskostnader;Kostnad;Driftskostnader;3.575;3.575;ACTUAL_YTD_SEP2026
202601;2026-01-31;Januar;Q1;1400;Fakultet for samfunnsvitenskap;SAM;6050;Investeringer og avskrivninger;Annen driftskostnad;Av- og nedskrivning;Av- og nedskrivninger;Kostnad;Investeringer (Capex);0.945;0.945;ACTUAL_YTD_SEP2026
202601;2026-01-31;Januar;Q1;1500;Fakultet for humaniora og pedagogikk;HUM;3900;Inntekt fra bevilgninger;Salgs- og driftsinntekt;Inntekt fra bevilgninger;Inntekt fra bevilgninger;Inntekt;Statlig Bevilgning;10.28;-10.28;ACTUAL_YTD_SEP2026
202601;2026-01-31;Januar;Q1;1500;Fakultet for humaniora og pedagogikk;HUM;3400;Tilskudd fra NFR/EU (BOA);Salgs- og driftsinntekt;Inntekt fra tilskudd og overføringer;Tilskudd og overforinger;Inntekt;Forskning (BOA);0.691;-0.691;ACTUAL_YTD_SEP2026
202601;2026-01-31;Januar;Q1;1500;Fakultet for humaniora og pedagogikk;HUM;3670;Salgs- og oppdragsinntekt;Salgs- og driftsinntekt;Leieinntekt og annen driftsinntekt;Andre driftsinntekter;Inntekt;Andre Inntekter;0.45;-0.45;ACTUAL_YTD_SEP2026
202601;2026-01-31;Januar;Q1;1500;Fakultet for humaniora og pedagogikk;HUM;5000;Lønn og sosiale kostnader;Lønnskostnad;Lønn fast ansatte;Lonnskostnader;Kostnad;Lønnskostnader;7.65;7.65;ACTUAL_YTD_SEP2026
202601;2026-01-31;Januar;Q1;1500;Fakultet for humaniora og pedagogikk;HUM;6300;Andre driftskostnader;Annen driftskostnad;Kostnader lokaler;Andre driftskostnader;Kostnad;Driftskostnader;2.75;2.75;ACTUAL_YTD_SEP2026
202601;2026-01-31;Januar;Q1;1500;Fakultet for humaniora og pedagogikk;HUM;6050;Investeringer og avskrivninger;Annen driftskostnad;Av- og nedskrivning;Av- og nedskrivninger;Kostnad;Investeringer (Capex);0.735;0.735;ACTUAL_YTD_SEP2026
202601;2026-01-31;Januar;Q1;1900;Fellesadministrasjon & Fellesdrift;ADM;3900;Inntekt fra bevilgninger;Salgs- og driftsinntekt;Inntekt fra bevilgninger;Inntekt fra bevilgninger;Inntekt;Statlig Bevilgning;7.198;-7.198;ACTUAL_YTD_SEP2026
202601;2026-01-31;Januar;Q1;1900;Fellesadministrasjon & Fellesdrift;ADM;3400;Tilskudd fra NFR/EU (BOA);Salgs- og driftsinntekt;Inntekt fra tilskudd og overføringer;Tilskudd og overforinger;Inntekt;Forskning (BOA);0.207;-0.207;ACTUAL_YTD_SEP2026
202601;2026-01-31;Januar;Q1;1900;Fellesadministrasjon & Fellesdrift;ADM;3670;Salgs- og oppdragsinntekt;Salgs- og driftsinntekt;Leieinntekt og annen driftsinntekt;Andre driftsinntekter;Inntekt;Andre Inntekter;1.45;-1.45;ACTUAL_YTD_SEP2026
202601;2026-01-31;Januar;Q1;1900;Fellesadministrasjon & Fellesdrift;ADM;5000;Lønn og sosiale kostnader;Lønnskostnad;Lønn fast ansatte;Lonnskostnader;Kostnad;Lønnskostnader;6.118;6.118;ACTUAL_YTD_SEP2026
202601;2026-01-31;Januar;Q1;1900;Fellesadministrasjon & Fellesdrift;ADM;6300;Andre driftskostnader;Annen driftskostnad;Kostnader lokaler;Andre driftskostnader;Kostnad;Driftskostnader;2.2;2.2;ACTUAL_YTD_SEP2026
202601;2026-01-31;Januar;Q1;1900;Fellesadministrasjon & Fellesdrift;ADM;6050;Investeringer og avskrivninger;Annen driftskostnad;Av- og nedskrivning;Av- og nedskrivninger;Kostnad;Investeringer (Capex);0.945;0.945;ACTUAL_YTD_SEP2026
202602;2026-02-28;Februar;Q1;1100;Handelshøyskolen ved UiA;HHU;3900;Inntekt fra bevilgninger;Salgs- og driftsinntekt;Inntekt fra bevilgninger;Inntekt fra bevilgninger;Inntekt;Statlig Bevilgning;20.56;-20.56;ACTUAL_YTD_SEP2026
202602;2026-02-28;Februar;Q1;1100;Handelshøyskolen ved UiA;HHU;3400;Tilskudd fra NFR/EU (BOA);Salgs- og driftsinntekt;Inntekt fra tilskudd og overføringer;Tilskudd og overforinger;Inntekt;Forskning (BOA);1.646;-1.646;ACTUAL_YTD_SEP2026
202602;2026-02-28;Februar;Q1;1100;Handelshøyskolen ved UiA;HHU;3670;Salgs- og oppdragsinntekt;Salgs- og driftsinntekt;Leieinntekt og annen driftsinntekt;Andre driftsinntekter;Inntekt;Andre Inntekter;0.77;-0.77;ACTUAL_YTD_SEP2026
202602;2026-02-28;Februar;Q1;1100;Handelshøyskolen ved UiA;HHU;5000;Lønn og sosiale kostnader;Lønnskostnad;Lønn fast ansatte;Lonnskostnader;Kostnad;Lønnskostnader;14.633;14.633;ACTUAL_YTD_SEP2026
202602;2026-02-28;Februar;Q1;1100;Handelshøyskolen ved UiA;HHU;6300;Andre driftskostnader;Annen driftskostnad;Kostnader lokaler;Andre driftskostnader;Kostnad;Driftskostnader;5.035;5.035;ACTUAL_YTD_SEP2026
202602;2026-02-28;Februar;Q1;1100;Handelshøyskolen ved UiA;HHU;6050;Investeringer og avskrivninger;Annen driftskostnad;Av- og nedskrivning;Av- og nedskrivninger;Kostnad;Investeringer (Capex);2.09;2.09;ACTUAL_YTD_SEP2026
202602;2026-02-28;Februar;Q1;1200;Fakultet for teknologi og realfag;TEK;3900;Inntekt fra bevilgninger;Salgs- og driftsinntekt;Inntekt fra bevilgninger;Inntekt fra bevilgninger;Inntekt;Statlig Bevilgning;27.758;-27.758;ACTUAL_YTD_SEP2026
202602;2026-02-28;Februar;Q1;1200;Fakultet for teknologi og realfag;TEK;3400;Tilskudd fra NFR/EU (BOA);Salgs- og driftsinntekt;Inntekt fra tilskudd og overføringer;Tilskudd og overforinger;Inntekt;Forskning (BOA);3.59;-3.59;ACTUAL_YTD_SEP2026
202602;2026-02-28;Februar;Q1;1200;Fakultet for teknologi og realfag;TEK;3670;Salgs- og oppdragsinntekt;Salgs- og driftsinntekt;Leieinntekt og annen driftsinntekt;Andre driftsinntekter;Inntekt;Andre Inntekter;1.934;-1.934;ACTUAL_YTD_SEP2026
202602;2026-02-28;Februar;Q1;1200;Fakultet for teknologi og realfag;TEK;5000;Lønn og sosiale kostnader;Lønnskostnad;Lønn fast ansatte;Lonnskostnader;Kostnad;Lønnskostnader;20.792;20.792;ACTUAL_YTD_SEP2026
202602;2026-02-28;Februar;Q1;1200;Fakultet for teknologi og realfag;TEK;6300;Andre driftskostnader;Annen driftskostnad;Kostnader lokaler;Andre driftskostnader;Kostnad;Driftskostnader;7.155;7.155;ACTUAL_YTD_SEP2026
202602;2026-02-28;Februar;Q1;1200;Fakultet for teknologi og realfag;TEK;6050;Investeringer og avskrivninger;Annen driftskostnad;Av- og nedskrivning;Av- og nedskrivninger;Kostnad;Investeringer (Capex);3.85;3.85;ACTUAL_YTD_SEP2026
202602;2026-02-28;Februar;Q1;1300;Fakultet for helse- og idrettsvitenskap;HEL;3900;Inntekt fra bevilgninger;Salgs- og driftsinntekt;Inntekt fra bevilgninger;Inntekt fra bevilgninger;Inntekt;Statlig Bevilgning;23.642;-23.642;ACTUAL_YTD_SEP2026
202602;2026-02-28;Februar;Q1;1300;Fakultet for helse- og idrettsvitenskap;HEL;3400;Tilskudd fra NFR/EU (BOA);Salgs- og driftsinntekt;Inntekt fra tilskudd og overføringer;Tilskudd og overforinger;Inntekt;Forskning (BOA);1.87;-1.87;ACTUAL_YTD_SEP2026
202602;2026-02-28;Februar;Q1;1300;Fakultet for helse- og idrettsvitenskap;HEL;3670;Salgs- og oppdragsinntekt;Salgs- og driftsinntekt;Leieinntekt og annen driftsinntekt;Andre driftsinntekter;Inntekt;Andre Inntekter;1.461;-1.461;ACTUAL_YTD_SEP2026
202602;2026-02-28;Februar;Q1;1300;Fakultet for helse- og idrettsvitenskap;HEL;5000;Lønn og sosiale kostnader;Lønnskostnad;Lønn fast ansatte;Lonnskostnader;Kostnad;Lønnskostnader;17.708;17.708;ACTUAL_YTD_SEP2026
202602;2026-02-28;Februar;Q1;1300;Fakultet for helse- og idrettsvitenskap;HEL;6300;Andre driftskostnader;Annen driftskostnad;Kostnader lokaler;Andre driftskostnader;Kostnad;Driftskostnader;6.095;6.095;ACTUAL_YTD_SEP2026
202602;2026-02-28;Februar;Q1;1300;Fakultet for helse- og idrettsvitenskap;HEL;6050;Investeringer og avskrivninger;Annen driftskostnad;Av- og nedskrivning;Av- og nedskrivninger;Kostnad;Investeringer (Capex);2.31;2.31;ACTUAL_YTD_SEP2026
202602;2026-02-28;Februar;Q1;1400;Fakultet for samfunnsvitenskap;SAM;3900;Inntekt fra bevilgninger;Salgs- og driftsinntekt;Inntekt fra bevilgninger;Inntekt fra bevilgninger;Inntekt;Statlig Bevilgning;13.362;-13.362;ACTUAL_YTD_SEP2026
202602;2026-02-28;Februar;Q1;1400;Fakultet for samfunnsvitenskap;SAM;3400;Tilskudd fra NFR/EU (BOA);Salgs- og driftsinntekt;Inntekt fra tilskudd og overføringer;Tilskudd og overforinger;Inntekt;Forskning (BOA);1.122;-1.122;ACTUAL_YTD_SEP2026
202602;2026-02-28;Februar;Q1;1400;Fakultet for samfunnsvitenskap;SAM;3670;Salgs- og oppdragsinntekt;Salgs- og driftsinntekt;Leieinntekt og annen driftsinntekt;Andre driftsinntekter;Inntekt;Andre Inntekter;0.878;-0.878;ACTUAL_YTD_SEP2026
202602;2026-02-28;Februar;Q1;1400;Fakultet for samfunnsvitenskap;SAM;5000;Lønn og sosiale kostnader;Lønnskostnad;Lønn fast ansatte;Lonnskostnader;Kostnad;Lønnskostnader;10.008;10.008;ACTUAL_YTD_SEP2026
202602;2026-02-28;Februar;Q1;1400;Fakultet for samfunnsvitenskap;SAM;6300;Andre driftskostnader;Annen driftskostnad;Kostnader lokaler;Andre driftskostnader;Kostnad;Driftskostnader;3.445;3.445;ACTUAL_YTD_SEP2026
202602;2026-02-28;Februar;Q1;1400;Fakultet for samfunnsvitenskap;SAM;6050;Investeringer og avskrivninger;Annen driftskostnad;Av- og nedskrivning;Av- og nedskrivninger;Kostnad;Investeringer (Capex);0.99;0.99;ACTUAL_YTD_SEP2026
202602;2026-02-28;Februar;Q1;1500;Fakultet for humaniora og pedagogikk;HUM;3900;Inntekt fra bevilgninger;Salgs- og driftsinntekt;Inntekt fra bevilgninger;Inntekt fra bevilgninger;Inntekt;Statlig Bevilgning;10.28;-10.28;ACTUAL_YTD_SEP2026
202602;2026-02-28;Februar;Q1;1500;Fakultet for humaniora og pedagogikk;HUM;3400;Tilskudd fra NFR/EU (BOA);Salgs- og driftsinntekt;Inntekt fra tilskudd og overføringer;Tilskudd og overforinger;Inntekt;Forskning (BOA);0.748;-0.748;ACTUAL_YTD_SEP2026
202602;2026-02-28;Februar;Q1;1500;Fakultet for humaniora og pedagogikk;HUM;3670;Salgs- og oppdragsinntekt;Salgs- og driftsinntekt;Leieinntekt og annen driftsinntekt;Andre driftsinntekter;Inntekt;Andre Inntekter;0.582;-0.582;ACTUAL_YTD_SEP2026
202602;2026-02-28;Februar;Q1;1500;Fakultet for humaniora og pedagogikk;HUM;5000;Lønn og sosiale kostnader;Lønnskostnad;Lønn fast ansatte;Lonnskostnader;Kostnad;Lønnskostnader;7.7;7.7;ACTUAL_YTD_SEP2026
202602;2026-02-28;Februar;Q1;1500;Fakultet for humaniora og pedagogikk;HUM;6300;Andre driftskostnader;Annen driftskostnad;Kostnader lokaler;Andre driftskostnader;Kostnad;Driftskostnader;2.65;2.65;ACTUAL_YTD_SEP2026
202602;2026-02-28;Februar;Q1;1500;Fakultet for humaniora og pedagogikk;HUM;6050;Investeringer og avskrivninger;Annen driftskostnad;Av- og nedskrivning;Av- og nedskrivninger;Kostnad;Investeringer (Capex);0.77;0.77;ACTUAL_YTD_SEP2026
202602;2026-02-28;Februar;Q1;1900;Fellesadministrasjon & Fellesdrift;ADM;3900;Inntekt fra bevilgninger;Salgs- og driftsinntekt;Inntekt fra bevilgninger;Inntekt fra bevilgninger;Inntekt;Statlig Bevilgning;7.198;-7.198;ACTUAL_YTD_SEP2026
202602;2026-02-28;Februar;Q1;1900;Fellesadministrasjon & Fellesdrift;ADM;3400;Tilskudd fra NFR/EU (BOA);Salgs- og driftsinntekt;Inntekt fra tilskudd og overføringer;Tilskudd og overforinger;Inntekt;Forskning (BOA);0.224;-0.224;ACTUAL_YTD_SEP2026
202602;2026-02-28;Februar;Q1;1900;Fellesadministrasjon & Fellesdrift;ADM;3670;Salgs- og oppdragsinntekt;Salgs- og driftsinntekt;Leieinntekt og annen driftsinntekt;Andre driftsinntekter;Inntekt;Andre Inntekter;1.875;-1.875;ACTUAL_YTD_SEP2026
202602;2026-02-28;Februar;Q1;1900;Fellesadministrasjon & Fellesdrift;ADM;5000;Lønn og sosiale kostnader;Lønnskostnad;Lønn fast ansatte;Lonnskostnader;Kostnad;Lønnskostnader;6.158;6.158;ACTUAL_YTD_SEP2026
202602;2026-02-28;Februar;Q1;1900;Fellesadministrasjon & Fellesdrift;ADM;6300;Andre driftskostnader;Annen driftskostnad;Kostnader lokaler;Andre driftskostnader;Kostnad;Driftskostnader;2.12;2.12;ACTUAL_YTD_SEP2026
202602;2026-02-28;Februar;Q1;1900;Fellesadministrasjon & Fellesdrift;ADM;6050;Investeringer og avskrivninger;Annen driftskostnad;Av- og nedskrivning;Av- og nedskrivninger;Kostnad;Investeringer (Capex);0.99;0.99;ACTUAL_YTD_SEP2026
202603;2026-03-31;Mars;Q1;1100;Handelshøyskolen ved UiA;HHU;3900;Inntekt fra bevilgninger;Salgs- og driftsinntekt;Inntekt fra bevilgninger;Inntekt fra bevilgninger;Inntekt;Statlig Bevilgning;20.56;-20.56;ACTUAL_YTD_SEP2026
202603;2026-03-31;Mars;Q1;1100;Handelshøyskolen ved UiA;HHU;3400;Tilskudd fra NFR/EU (BOA);Salgs- og driftsinntekt;Inntekt fra tilskudd og overføringer;Tilskudd og overforinger;Inntekt;Forskning (BOA);1.807;-1.807;ACTUAL_YTD_SEP2026
202603;2026-03-31;Mars;Q1;1100;Handelshøyskolen ved UiA;HHU;3670;Salgs- og oppdragsinntekt;Salgs- og driftsinntekt;Leieinntekt og annen driftsinntekt;Andre driftsinntekter;Inntekt;Andre Inntekter;0.636;-0.636;ACTUAL_YTD_SEP2026
202603;2026-03-31;Mars;Q1;1100;Handelshøyskolen ved UiA;HHU;5000;Lønn og sosiale kostnader;Lønnskostnad;Lønn fast ansatte;Lonnskostnader;Kostnad;Lønnskostnader;14.918;14.918;ACTUAL_YTD_SEP2026
202603;2026-03-31;Mars;Q1;1100;Handelshøyskolen ved UiA;HHU;6300;Andre driftskostnader;Annen driftskostnad;Kostnader lokaler;Andre driftskostnader;Kostnad;Driftskostnader;5.7;5.7;ACTUAL_YTD_SEP2026
202603;2026-03-31;Mars;Q1;1100;Handelshøyskolen ved UiA;HHU;6050;Investeringer og avskrivninger;Annen driftskostnad;Av- og nedskrivning;Av- og nedskrivninger;Kostnad;Investeringer (Capex);2.375;2.375;ACTUAL_YTD_SEP2026
202603;2026-03-31;Mars;Q1;1200;Fakultet for teknologi og realfag;TEK;3900;Inntekt fra bevilgninger;Salgs- og driftsinntekt;Inntekt fra bevilgninger;Inntekt fra bevilgninger;Inntekt;Statlig Bevilgning;27.758;-27.758;ACTUAL_YTD_SEP2026
202603;2026-03-31;Mars;Q1;1200;Fakultet for teknologi og realfag;TEK;3400;Tilskudd fra NFR/EU (BOA);Salgs- og driftsinntekt;Inntekt fra tilskudd og overføringer;Tilskudd og overforinger;Inntekt;Forskning (BOA);3.941;-3.941;ACTUAL_YTD_SEP2026
202603;2026-03-31;Mars;Q1;1200;Fakultet for teknologi og realfag;TEK;3670;Salgs- og oppdragsinntekt;Salgs- og driftsinntekt;Leieinntekt og annen driftsinntekt;Andre driftsinntekter;Inntekt;Andre Inntekter;1.599;-1.599;ACTUAL_YTD_SEP2026
202603;2026-03-31;Mars;Q1;1200;Fakultet for teknologi og realfag;TEK;5000;Lønn og sosiale kostnader;Lønnskostnad;Lønn fast ansatte;Lonnskostnader;Kostnad;Lønnskostnader;21.197;21.197;ACTUAL_YTD_SEP2026
202603;2026-03-31;Mars;Q1;1200;Fakultet for teknologi og realfag;TEK;6300;Andre driftskostnader;Annen driftskostnad;Kostnader lokaler;Andre driftskostnader;Kostnad;Driftskostnader;8.1;8.1;ACTUAL_YTD_SEP2026
202603;2026-03-31;Mars;Q1;1200;Fakultet for teknologi og realfag;TEK;6050;Investeringer og avskrivninger;Annen driftskostnad;Av- og nedskrivning;Av- og nedskrivninger;Kostnad;Investeringer (Capex);4.375;4.375;ACTUAL_YTD_SEP2026
202603;2026-03-31;Mars;Q1;1300;Fakultet for helse- og idrettsvitenskap;HEL;3900;Inntekt fra bevilgninger;Salgs- og driftsinntekt;Inntekt fra bevilgninger;Inntekt fra bevilgninger;Inntekt;Statlig Bevilgning;23.642;-23.642;ACTUAL_YTD_SEP2026
202603;2026-03-31;Mars;Q1;1300;Fakultet for helse- og idrettsvitenskap;HEL;3400;Tilskudd fra NFR/EU (BOA);Salgs- og driftsinntekt;Inntekt fra tilskudd og overføringer;Tilskudd og overforinger;Inntekt;Forskning (BOA);2.053;-2.053;ACTUAL_YTD_SEP2026
202603;2026-03-31;Mars;Q1;1300;Fakultet for helse- og idrettsvitenskap;HEL;3670;Salgs- og oppdragsinntekt;Salgs- og driftsinntekt;Leieinntekt og annen driftsinntekt;Andre driftsinntekter;Inntekt;Andre Inntekter;1.207;-1.207;ACTUAL_YTD_SEP2026
202603;2026-03-31;Mars;Q1;1300;Fakultet for helse- og idrettsvitenskap;HEL;5000;Lønn og sosiale kostnader;Lønnskostnad;Lønn fast ansatte;Lonnskostnader;Kostnad;Lønnskostnader;18.053;18.053;ACTUAL_YTD_SEP2026
202603;2026-03-31;Mars;Q1;1300;Fakultet for helse- og idrettsvitenskap;HEL;6300;Andre driftskostnader;Annen driftskostnad;Kostnader lokaler;Andre driftskostnader;Kostnad;Driftskostnader;6.9;6.9;ACTUAL_YTD_SEP2026
202603;2026-03-31;Mars;Q1;1300;Fakultet for helse- og idrettsvitenskap;HEL;6050;Investeringer og avskrivninger;Annen driftskostnad;Av- og nedskrivning;Av- og nedskrivninger;Kostnad;Investeringer (Capex);2.625;2.625;ACTUAL_YTD_SEP2026
202603;2026-03-31;Mars;Q1;1400;Fakultet for samfunnsvitenskap;SAM;3900;Inntekt fra bevilgninger;Salgs- og driftsinntekt;Inntekt fra bevilgninger;Inntekt fra bevilgninger;Inntekt;Statlig Bevilgning;13.362;-13.362;ACTUAL_YTD_SEP2026
202603;2026-03-31;Mars;Q1;1400;Fakultet for samfunnsvitenskap;SAM;3400;Tilskudd fra NFR/EU (BOA);Salgs- og driftsinntekt;Inntekt fra tilskudd og overføringer;Tilskudd og overforinger;Inntekt;Forskning (BOA);1.232;-1.232;ACTUAL_YTD_SEP2026
202603;2026-03-31;Mars;Q1;1400;Fakultet for samfunnsvitenskap;SAM;3670;Salgs- og oppdragsinntekt;Salgs- og driftsinntekt;Leieinntekt og annen driftsinntekt;Andre driftsinntekter;Inntekt;Andre Inntekter;0.726;-0.726;ACTUAL_YTD_SEP2026
202603;2026-03-31;Mars;Q1;1400;Fakultet for samfunnsvitenskap;SAM;5000;Lønn og sosiale kostnader;Lønnskostnad;Lønn fast ansatte;Lonnskostnader;Kostnad;Lønnskostnader;10.203;10.203;ACTUAL_YTD_SEP2026
202603;2026-03-31;Mars;Q1;1400;Fakultet for samfunnsvitenskap;SAM;6300;Andre driftskostnader;Annen driftskostnad;Kostnader lokaler;Andre driftskostnader;Kostnad;Driftskostnader;3.9;3.9;ACTUAL_YTD_SEP2026
202603;2026-03-31;Mars;Q1;1400;Fakultet for samfunnsvitenskap;SAM;6050;Investeringer og avskrivninger;Annen driftskostnad;Av- og nedskrivning;Av- og nedskrivninger;Kostnad;Investeringer (Capex);1.125;1.125;ACTUAL_YTD_SEP2026
202603;2026-03-31;Mars;Q1;1500;Fakultet for humaniora og pedagogikk;HUM;3900;Inntekt fra bevilgninger;Salgs- og driftsinntekt;Inntekt fra bevilgninger;Inntekt fra bevilgninger;Inntekt;Statlig Bevilgning;10.28;-10.28;ACTUAL_YTD_SEP2026
202603;2026-03-31;Mars;Q1;1500;Fakultet for humaniora og pedagogikk;HUM;3400;Tilskudd fra NFR/EU (BOA);Salgs- og driftsinntekt;Inntekt fra tilskudd og overføringer;Tilskudd og overforinger;Inntekt;Forskning (BOA);0.821;-0.821;ACTUAL_YTD_SEP2026
202603;2026-03-31;Mars;Q1;1500;Fakultet for humaniora og pedagogikk;HUM;3670;Salgs- og oppdragsinntekt;Salgs- og driftsinntekt;Leieinntekt og annen driftsinntekt;Andre driftsinntekter;Inntekt;Andre Inntekter;0.481;-0.481;ACTUAL_YTD_SEP2026
202603;2026-03-31;Mars;Q1;1500;Fakultet for humaniora og pedagogikk;HUM;5000;Lønn og sosiale kostnader;Lønnskostnad;Lønn fast ansatte;Lonnskostnader;Kostnad;Lønnskostnader;7.85;7.85;ACTUAL_YTD_SEP2026
202603;2026-03-31;Mars;Q1;1500;Fakultet for humaniora og pedagogikk;HUM;6300;Andre driftskostnader;Annen driftskostnad;Kostnader lokaler;Andre driftskostnader;Kostnad;Driftskostnader;3.0;3.0;ACTUAL_YTD_SEP2026
202603;2026-03-31;Mars;Q1;1500;Fakultet for humaniora og pedagogikk;HUM;6050;Investeringer og avskrivninger;Annen driftskostnad;Av- og nedskrivning;Av- og nedskrivninger;Kostnad;Investeringer (Capex);0.875;0.875;ACTUAL_YTD_SEP2026
202603;2026-03-31;Mars;Q1;1900;Fellesadministrasjon & Fellesdrift;ADM;3900;Inntekt fra bevilgninger;Salgs- og driftsinntekt;Inntekt fra bevilgninger;Inntekt fra bevilgninger;Inntekt;Statlig Bevilgning;7.198;-7.198;ACTUAL_YTD_SEP2026
202603;2026-03-31;Mars;Q1;1900;Fellesadministrasjon & Fellesdrift;ADM;3400;Tilskudd fra NFR/EU (BOA);Salgs- og driftsinntekt;Inntekt fra tilskudd og overføringer;Tilskudd og overforinger;Inntekt;Forskning (BOA);0.246;-0.246;ACTUAL_YTD_SEP2026
202603;2026-03-31;Mars;Q1;1900;Fellesadministrasjon & Fellesdrift;ADM;3670;Salgs- og oppdragsinntekt;Salgs- og driftsinntekt;Leieinntekt og annen driftsinntekt;Andre driftsinntekter;Inntekt;Andre Inntekter;1.55;-1.55;ACTUAL_YTD_SEP2026
202603;2026-03-31;Mars;Q1;1900;Fellesadministrasjon & Fellesdrift;ADM;5000;Lønn og sosiale kostnader;Lønnskostnad;Lønn fast ansatte;Lonnskostnader;Kostnad;Lønnskostnader;6.278;6.278;ACTUAL_YTD_SEP2026
202603;2026-03-31;Mars;Q1;1900;Fellesadministrasjon & Fellesdrift;ADM;6300;Andre driftskostnader;Annen driftskostnad;Kostnader lokaler;Andre driftskostnader;Kostnad;Driftskostnader;2.4;2.4;ACTUAL_YTD_SEP2026
202603;2026-03-31;Mars;Q1;1900;Fellesadministrasjon & Fellesdrift;ADM;6050;Investeringer og avskrivninger;Annen driftskostnad;Av- og nedskrivning;Av- og nedskrivninger;Kostnad;Investeringer (Capex);1.125;1.125;ACTUAL_YTD_SEP2026
202604;2026-04-30;April;Q2;1100;Handelshøyskolen ved UiA;HHU;3900;Inntekt fra bevilgninger;Salgs- og driftsinntekt;Inntekt fra bevilgninger;Inntekt fra bevilgninger;Inntekt;Statlig Bevilgning;20.56;-20.56;ACTUAL_YTD_SEP2026
202604;2026-04-30;April;Q2;1100;Handelshøyskolen ved UiA;HHU;3400;Tilskudd fra NFR/EU (BOA);Salgs- og driftsinntekt;Inntekt fra tilskudd og overføringer;Tilskudd og overforinger;Inntekt;Forskning (BOA);1.878;-1.878;ACTUAL_YTD_SEP2026
202604;2026-04-30;April;Q2;1100;Handelshøyskolen ved UiA;HHU;3670;Salgs- og oppdragsinntekt;Salgs- og driftsinntekt;Leieinntekt og annen driftsinntekt;Andre driftsinntekter;Inntekt;Andre Inntekter;0.657;-0.657;ACTUAL_YTD_SEP2026
202604;2026-04-30;April;Q2;1100;Handelshøyskolen ved UiA;HHU;5000;Lønn og sosiale kostnader;Lønnskostnad;Lønn fast ansatte;Lonnskostnader;Kostnad;Lønnskostnader;14.823;14.823;ACTUAL_YTD_SEP2026
202604;2026-04-30;April;Q2;1100;Handelshøyskolen ved UiA;HHU;6300;Andre driftskostnader;Annen driftskostnad;Kostnader lokaler;Andre driftskostnader;Kostnad;Driftskostnader;5.415;5.415;ACTUAL_YTD_SEP2026
202604;2026-04-30;April;Q2;1100;Handelshøyskolen ved UiA;HHU;6050;Investeringer og avskrivninger;Annen driftskostnad;Av- og nedskrivning;Av- og nedskrivninger;Kostnad;Investeringer (Capex);2.47;2.47;ACTUAL_YTD_SEP2026
202604;2026-04-30;April;Q2;1200;Fakultet for teknologi og realfag;TEK;3900;Inntekt fra bevilgninger;Salgs- og driftsinntekt;Inntekt fra bevilgninger;Inntekt fra bevilgninger;Inntekt;Statlig Bevilgning;27.758;-27.758;ACTUAL_YTD_SEP2026
202604;2026-04-30;April;Q2;1200;Fakultet for teknologi og realfag;TEK;3400;Tilskudd fra NFR/EU (BOA);Salgs- og driftsinntekt;Inntekt fra tilskudd og overføringer;Tilskudd og overforinger;Inntekt;Forskning (BOA);4.098;-4.098;ACTUAL_YTD_SEP2026
202604;2026-04-30;April;Q2;1200;Fakultet for teknologi og realfag;TEK;3670;Salgs- og oppdragsinntekt;Salgs- og driftsinntekt;Leieinntekt og annen driftsinntekt;Andre driftsinntekter;Inntekt;Andre Inntekter;1.651;-1.651;ACTUAL_YTD_SEP2026
202604;2026-04-30;April;Q2;1200;Fakultet for teknologi og realfag;TEK;5000;Lønn og sosiale kostnader;Lønnskostnad;Lønn fast ansatte;Lonnskostnader;Kostnad;Lønnskostnader;21.062;21.062;ACTUAL_YTD_SEP2026
202604;2026-04-30;April;Q2;1200;Fakultet for teknologi og realfag;TEK;6300;Andre driftskostnader;Annen driftskostnad;Kostnader lokaler;Andre driftskostnader;Kostnad;Driftskostnader;7.695;7.695;ACTUAL_YTD_SEP2026
202604;2026-04-30;April;Q2;1200;Fakultet for teknologi og realfag;TEK;6050;Investeringer og avskrivninger;Annen driftskostnad;Av- og nedskrivning;Av- og nedskrivninger;Kostnad;Investeringer (Capex);4.55;4.55;ACTUAL_YTD_SEP2026
202604;2026-04-30;April;Q2;1300;Fakultet for helse- og idrettsvitenskap;HEL;3900;Inntekt fra bevilgninger;Salgs- og driftsinntekt;Inntekt fra bevilgninger;Inntekt fra bevilgninger;Inntekt;Statlig Bevilgning;23.642;-23.642;ACTUAL_YTD_SEP2026
202604;2026-04-30;April;Q2;1300;Fakultet for helse- og idrettsvitenskap;HEL;3400;Tilskudd fra NFR/EU (BOA);Salgs- og driftsinntekt;Inntekt fra tilskudd og overføringer;Tilskudd og overforinger;Inntekt;Forskning (BOA);2.134;-2.134;ACTUAL_YTD_SEP2026
202604;2026-04-30;April;Q2;1300;Fakultet for helse- og idrettsvitenskap;HEL;3670;Salgs- og oppdragsinntekt;Salgs- og driftsinntekt;Leieinntekt og annen driftsinntekt;Andre driftsinntekter;Inntekt;Andre Inntekter;1.246;-1.246;ACTUAL_YTD_SEP2026
202604;2026-04-30;April;Q2;1300;Fakultet for helse- og idrettsvitenskap;HEL;5000;Lønn og sosiale kostnader;Lønnskostnad;Lønn fast ansatte;Lonnskostnader;Kostnad;Lønnskostnader;17.938;17.938;ACTUAL_YTD_SEP2026
202604;2026-04-30;April;Q2;1300;Fakultet for helse- og idrettsvitenskap;HEL;6300;Andre driftskostnader;Annen driftskostnad;Kostnader lokaler;Andre driftskostnader;Kostnad;Driftskostnader;6.555;6.555;ACTUAL_YTD_SEP2026
202604;2026-04-30;April;Q2;1300;Fakultet for helse- og idrettsvitenskap;HEL;6050;Investeringer og avskrivninger;Annen driftskostnad;Av- og nedskrivning;Av- og nedskrivninger;Kostnad;Investeringer (Capex);2.73;2.73;ACTUAL_YTD_SEP2026
202604;2026-04-30;April;Q2;1400;Fakultet for samfunnsvitenskap;SAM;3900;Inntekt fra bevilgninger;Salgs- og driftsinntekt;Inntekt fra bevilgninger;Inntekt fra bevilgninger;Inntekt;Statlig Bevilgning;13.362;-13.362;ACTUAL_YTD_SEP2026
202604;2026-04-30;April;Q2;1400;Fakultet for samfunnsvitenskap;SAM;3400;Tilskudd fra NFR/EU (BOA);Salgs- og driftsinntekt;Inntekt fra tilskudd og overføringer;Tilskudd og overforinger;Inntekt;Forskning (BOA);1.28;-1.28;ACTUAL_YTD_SEP2026
202604;2026-04-30;April;Q2;1400;Fakultet for samfunnsvitenskap;SAM;3670;Salgs- og oppdragsinntekt;Salgs- og driftsinntekt;Leieinntekt og annen driftsinntekt;Andre driftsinntekter;Inntekt;Andre Inntekter;0.749;-0.749;ACTUAL_YTD_SEP2026
202604;2026-04-30;April;Q2;1400;Fakultet for samfunnsvitenskap;SAM;5000;Lønn og sosiale kostnader;Lønnskostnad;Lønn fast ansatte;Lonnskostnader;Kostnad;Lønnskostnader;10.138;10.138;ACTUAL_YTD_SEP2026
202604;2026-04-30;April;Q2;1400;Fakultet for samfunnsvitenskap;SAM;6300;Andre driftskostnader;Annen driftskostnad;Kostnader lokaler;Andre driftskostnader;Kostnad;Driftskostnader;3.705;3.705;ACTUAL_YTD_SEP2026
202604;2026-04-30;April;Q2;1400;Fakultet for samfunnsvitenskap;SAM;6050;Investeringer og avskrivninger;Annen driftskostnad;Av- og nedskrivning;Av- og nedskrivninger;Kostnad;Investeringer (Capex);1.17;1.17;ACTUAL_YTD_SEP2026
202604;2026-04-30;April;Q2;1500;Fakultet for humaniora og pedagogikk;HUM;3900;Inntekt fra bevilgninger;Salgs- og driftsinntekt;Inntekt fra bevilgninger;Inntekt fra bevilgninger;Inntekt;Statlig Bevilgning;10.28;-10.28;ACTUAL_YTD_SEP2026
202604;2026-04-30;April;Q2;1500;Fakultet for humaniora og pedagogikk;HUM;3400;Tilskudd fra NFR/EU (BOA);Salgs- og driftsinntekt;Inntekt fra tilskudd og overføringer;Tilskudd og overforinger;Inntekt;Forskning (BOA);0.854;-0.854;ACTUAL_YTD_SEP2026
202604;2026-04-30;April;Q2;1500;Fakultet for humaniora og pedagogikk;HUM;3670;Salgs- og oppdragsinntekt;Salgs- og driftsinntekt;Leieinntekt og annen driftsinntekt;Andre driftsinntekter;Inntekt;Andre Inntekter;0.497;-0.497;ACTUAL_YTD_SEP2026
202604;2026-04-30;April;Q2;1500;Fakultet for humaniora og pedagogikk;HUM;5000;Lønn og sosiale kostnader;Lønnskostnad;Lønn fast ansatte;Lonnskostnader;Kostnad;Lønnskostnader;7.8;7.8;ACTUAL_YTD_SEP2026
202604;2026-04-30;April;Q2;1500;Fakultet for humaniora og pedagogikk;HUM;6300;Andre driftskostnader;Annen driftskostnad;Kostnader lokaler;Andre driftskostnader;Kostnad;Driftskostnader;2.85;2.85;ACTUAL_YTD_SEP2026
202604;2026-04-30;April;Q2;1500;Fakultet for humaniora og pedagogikk;HUM;6050;Investeringer og avskrivninger;Annen driftskostnad;Av- og nedskrivning;Av- og nedskrivninger;Kostnad;Investeringer (Capex);0.91;0.91;ACTUAL_YTD_SEP2026
202604;2026-04-30;April;Q2;1900;Fellesadministrasjon & Fellesdrift;ADM;3900;Inntekt fra bevilgninger;Salgs- og driftsinntekt;Inntekt fra bevilgninger;Inntekt fra bevilgninger;Inntekt;Statlig Bevilgning;7.198;-7.198;ACTUAL_YTD_SEP2026
202604;2026-04-30;April;Q2;1900;Fellesadministrasjon & Fellesdrift;ADM;3400;Tilskudd fra NFR/EU (BOA);Salgs- og driftsinntekt;Inntekt fra tilskudd og overføringer;Tilskudd og overforinger;Inntekt;Forskning (BOA);0.256;-0.256;ACTUAL_YTD_SEP2026
202604;2026-04-30;April;Q2;1900;Fellesadministrasjon & Fellesdrift;ADM;3670;Salgs- og oppdragsinntekt;Salgs- og driftsinntekt;Leieinntekt og annen driftsinntekt;Andre driftsinntekter;Inntekt;Andre Inntekter;1.6;-1.6;ACTUAL_YTD_SEP2026
202604;2026-04-30;April;Q2;1900;Fellesadministrasjon & Fellesdrift;ADM;5000;Lønn og sosiale kostnader;Lønnskostnad;Lønn fast ansatte;Lonnskostnader;Kostnad;Lønnskostnader;6.238;6.238;ACTUAL_YTD_SEP2026
202604;2026-04-30;April;Q2;1900;Fellesadministrasjon & Fellesdrift;ADM;6300;Andre driftskostnader;Annen driftskostnad;Kostnader lokaler;Andre driftskostnader;Kostnad;Driftskostnader;2.28;2.28;ACTUAL_YTD_SEP2026
202604;2026-04-30;April;Q2;1900;Fellesadministrasjon & Fellesdrift;ADM;6050;Investeringer og avskrivninger;Annen driftskostnad;Av- og nedskrivning;Av- og nedskrivninger;Kostnad;Investeringer (Capex);1.17;1.17;ACTUAL_YTD_SEP2026
202605;2026-05-31;Mai;Q2;1100;Handelshøyskolen ved UiA;HHU;3900;Inntekt fra bevilgninger;Salgs- og driftsinntekt;Inntekt fra bevilgninger;Inntekt fra bevilgninger;Inntekt;Statlig Bevilgning;20.58;-20.58;ACTUAL_YTD_SEP2026
202605;2026-05-31;Mai;Q2;1100;Handelshøyskolen ved UiA;HHU;3400;Tilskudd fra NFR/EU (BOA);Salgs- og driftsinntekt;Inntekt fra tilskudd og overføringer;Tilskudd og overforinger;Inntekt;Forskning (BOA);2.003;-2.003;ACTUAL_YTD_SEP2026
202605;2026-05-31;Mai;Q2;1100;Handelshøyskolen ved UiA;HHU;3670;Salgs- og oppdragsinntekt;Salgs- og driftsinntekt;Leieinntekt og annen driftsinntekt;Andre driftsinntekter;Inntekt;Andre Inntekter;0.667;-0.667;ACTUAL_YTD_SEP2026
202605;2026-05-31;Mai;Q2;1100;Handelshøyskolen ved UiA;HHU;5000;Lønn og sosiale kostnader;Lønnskostnad;Lønn fast ansatte;Lonnskostnader;Kostnad;Lønnskostnader;15.108;15.108;ACTUAL_YTD_SEP2026
202605;2026-05-31;Mai;Q2;1100;Handelshøyskolen ved UiA;HHU;6300;Andre driftskostnader;Annen driftskostnad;Kostnader lokaler;Andre driftskostnader;Kostnad;Driftskostnader;5.795;5.795;ACTUAL_YTD_SEP2026
202605;2026-05-31;Mai;Q2;1100;Handelshøyskolen ved UiA;HHU;6050;Investeringer og avskrivninger;Annen driftskostnad;Av- og nedskrivning;Av- og nedskrivninger;Kostnad;Investeringer (Capex);2.66;2.66;ACTUAL_YTD_SEP2026
202605;2026-05-31;Mai;Q2;1200;Fakultet for teknologi og realfag;TEK;3900;Inntekt fra bevilgninger;Salgs- og driftsinntekt;Inntekt fra bevilgninger;Inntekt fra bevilgninger;Inntekt;Statlig Bevilgning;27.785;-27.785;ACTUAL_YTD_SEP2026
202605;2026-05-31;Mai;Q2;1200;Fakultet for teknologi og realfag;TEK;3400;Tilskudd fra NFR/EU (BOA);Salgs- og driftsinntekt;Inntekt fra tilskudd og overføringer;Tilskudd og overforinger;Inntekt;Forskning (BOA);4.371;-4.371;ACTUAL_YTD_SEP2026
202605;2026-05-31;Mai;Q2;1200;Fakultet for teknologi og realfag;TEK;3670;Salgs- og oppdragsinntekt;Salgs- og driftsinntekt;Leieinntekt og annen driftsinntekt;Andre driftsinntekter;Inntekt;Andre Inntekter;1.676;-1.676;ACTUAL_YTD_SEP2026
202605;2026-05-31;Mai;Q2;1200;Fakultet for teknologi og realfag;TEK;5000;Lønn og sosiale kostnader;Lønnskostnad;Lønn fast ansatte;Lonnskostnader;Kostnad;Lønnskostnader;21.467;21.467;ACTUAL_YTD_SEP2026
202605;2026-05-31;Mai;Q2;1200;Fakultet for teknologi og realfag;TEK;6300;Andre driftskostnader;Annen driftskostnad;Kostnader lokaler;Andre driftskostnader;Kostnad;Driftskostnader;8.235;8.235;ACTUAL_YTD_SEP2026
202605;2026-05-31;Mai;Q2;1200;Fakultet for teknologi og realfag;TEK;6050;Investeringer og avskrivninger;Annen driftskostnad;Av- og nedskrivning;Av- og nedskrivninger;Kostnad;Investeringer (Capex);4.9;4.9;ACTUAL_YTD_SEP2026
202605;2026-05-31;Mai;Q2;1300;Fakultet for helse- og idrettsvitenskap;HEL;3900;Inntekt fra bevilgninger;Salgs- og driftsinntekt;Inntekt fra bevilgninger;Inntekt fra bevilgninger;Inntekt;Statlig Bevilgning;23.665;-23.665;ACTUAL_YTD_SEP2026
202605;2026-05-31;Mai;Q2;1300;Fakultet for helse- og idrettsvitenskap;HEL;3400;Tilskudd fra NFR/EU (BOA);Salgs- og driftsinntekt;Inntekt fra tilskudd og overføringer;Tilskudd og overforinger;Inntekt;Forskning (BOA);2.276;-2.276;ACTUAL_YTD_SEP2026
202605;2026-05-31;Mai;Q2;1300;Fakultet for helse- og idrettsvitenskap;HEL;3670;Salgs- og oppdragsinntekt;Salgs- og driftsinntekt;Leieinntekt og annen driftsinntekt;Andre driftsinntekter;Inntekt;Andre Inntekter;1.266;-1.266;ACTUAL_YTD_SEP2026
202605;2026-05-31;Mai;Q2;1300;Fakultet for helse- og idrettsvitenskap;HEL;5000;Lønn og sosiale kostnader;Lønnskostnad;Lønn fast ansatte;Lonnskostnader;Kostnad;Lønnskostnader;18.283;18.283;ACTUAL_YTD_SEP2026
202605;2026-05-31;Mai;Q2;1300;Fakultet for helse- og idrettsvitenskap;HEL;6300;Andre driftskostnader;Annen driftskostnad;Kostnader lokaler;Andre driftskostnader;Kostnad;Driftskostnader;7.015;7.015;ACTUAL_YTD_SEP2026
202605;2026-05-31;Mai;Q2;1300;Fakultet for helse- og idrettsvitenskap;HEL;6050;Investeringer og avskrivninger;Annen driftskostnad;Av- og nedskrivning;Av- og nedskrivninger;Kostnad;Investeringer (Capex);2.94;2.94;ACTUAL_YTD_SEP2026
202605;2026-05-31;Mai;Q2;1400;Fakultet for samfunnsvitenskap;SAM;3900;Inntekt fra bevilgninger;Salgs- og driftsinntekt;Inntekt fra bevilgninger;Inntekt fra bevilgninger;Inntekt;Statlig Bevilgning;13.375;-13.375;ACTUAL_YTD_SEP2026
202605;2026-05-31;Mai;Q2;1400;Fakultet for samfunnsvitenskap;SAM;3400;Tilskudd fra NFR/EU (BOA);Salgs- og driftsinntekt;Inntekt fra tilskudd og overføringer;Tilskudd og overforinger;Inntekt;Forskning (BOA);1.366;-1.366;ACTUAL_YTD_SEP2026
202605;2026-05-31;Mai;Q2;1400;Fakultet for samfunnsvitenskap;SAM;3670;Salgs- og oppdragsinntekt;Salgs- og driftsinntekt;Leieinntekt og annen driftsinntekt;Andre driftsinntekter;Inntekt;Andre Inntekter;0.761;-0.761;ACTUAL_YTD_SEP2026
202605;2026-05-31;Mai;Q2;1400;Fakultet for samfunnsvitenskap;SAM;5000;Lønn og sosiale kostnader;Lønnskostnad;Lønn fast ansatte;Lonnskostnader;Kostnad;Lønnskostnader;10.333;10.333;ACTUAL_YTD_SEP2026
202605;2026-05-31;Mai;Q2;1400;Fakultet for samfunnsvitenskap;SAM;6300;Andre driftskostnader;Annen driftskostnad;Kostnader lokaler;Andre driftskostnader;Kostnad;Driftskostnader;3.965;3.965;ACTUAL_YTD_SEP2026
202605;2026-05-31;Mai;Q2;1400;Fakultet for samfunnsvitenskap;SAM;6050;Investeringer og avskrivninger;Annen driftskostnad;Av- og nedskrivning;Av- og nedskrivninger;Kostnad;Investeringer (Capex);1.26;1.26;ACTUAL_YTD_SEP2026
202605;2026-05-31;Mai;Q2;1500;Fakultet for humaniora og pedagogikk;HUM;3900;Inntekt fra bevilgninger;Salgs- og driftsinntekt;Inntekt fra bevilgninger;Inntekt fra bevilgninger;Inntekt;Statlig Bevilgning;10.29;-10.29;ACTUAL_YTD_SEP2026
202605;2026-05-31;Mai;Q2;1500;Fakultet for humaniora og pedagogikk;HUM;3400;Tilskudd fra NFR/EU (BOA);Salgs- og driftsinntekt;Inntekt fra tilskudd og overføringer;Tilskudd og overforinger;Inntekt;Forskning (BOA);0.911;-0.911;ACTUAL_YTD_SEP2026
202605;2026-05-31;Mai;Q2;1500;Fakultet for humaniora og pedagogikk;HUM;3670;Salgs- og oppdragsinntekt;Salgs- og driftsinntekt;Leieinntekt og annen driftsinntekt;Andre driftsinntekter;Inntekt;Andre Inntekter;0.505;-0.505;ACTUAL_YTD_SEP2026
202605;2026-05-31;Mai;Q2;1500;Fakultet for humaniora og pedagogikk;HUM;5000;Lønn og sosiale kostnader;Lønnskostnad;Lønn fast ansatte;Lonnskostnader;Kostnad;Lønnskostnader;7.95;7.95;ACTUAL_YTD_SEP2026
202605;2026-05-31;Mai;Q2;1500;Fakultet for humaniora og pedagogikk;HUM;6300;Andre driftskostnader;Annen driftskostnad;Kostnader lokaler;Andre driftskostnader;Kostnad;Driftskostnader;3.05;3.05;ACTUAL_YTD_SEP2026
202605;2026-05-31;Mai;Q2;1500;Fakultet for humaniora og pedagogikk;HUM;6050;Investeringer og avskrivninger;Annen driftskostnad;Av- og nedskrivning;Av- og nedskrivninger;Kostnad;Investeringer (Capex);0.98;0.98;ACTUAL_YTD_SEP2026
202605;2026-05-31;Mai;Q2;1900;Fellesadministrasjon & Fellesdrift;ADM;3900;Inntekt fra bevilgninger;Salgs- og driftsinntekt;Inntekt fra bevilgninger;Inntekt fra bevilgninger;Inntekt;Statlig Bevilgning;7.205;-7.205;ACTUAL_YTD_SEP2026
202605;2026-05-31;Mai;Q2;1900;Fellesadministrasjon & Fellesdrift;ADM;3400;Tilskudd fra NFR/EU (BOA);Salgs- og driftsinntekt;Inntekt fra tilskudd og overføringer;Tilskudd og overforinger;Inntekt;Forskning (BOA);0.273;-0.273;ACTUAL_YTD_SEP2026
202605;2026-05-31;Mai;Q2;1900;Fellesadministrasjon & Fellesdrift;ADM;3670;Salgs- og oppdragsinntekt;Salgs- og driftsinntekt;Leieinntekt og annen driftsinntekt;Andre driftsinntekter;Inntekt;Andre Inntekter;1.625;-1.625;ACTUAL_YTD_SEP2026
202605;2026-05-31;Mai;Q2;1900;Fellesadministrasjon & Fellesdrift;ADM;5000;Lønn og sosiale kostnader;Lønnskostnad;Lønn fast ansatte;Lonnskostnader;Kostnad;Lønnskostnader;6.358;6.358;ACTUAL_YTD_SEP2026
202605;2026-05-31;Mai;Q2;1900;Fellesadministrasjon & Fellesdrift;ADM;6300;Andre driftskostnader;Annen driftskostnad;Kostnader lokaler;Andre driftskostnader;Kostnad;Driftskostnader;2.44;2.44;ACTUAL_YTD_SEP2026
202605;2026-05-31;Mai;Q2;1900;Fellesadministrasjon & Fellesdrift;ADM;6050;Investeringer og avskrivninger;Annen driftskostnad;Av- og nedskrivning;Av- og nedskrivninger;Kostnad;Investeringer (Capex);1.26;1.26;ACTUAL_YTD_SEP2026
202606;2026-06-30;Juni;Q2;1100;Handelshøyskolen ved UiA;HHU;3900;Inntekt fra bevilgninger;Salgs- og driftsinntekt;Inntekt fra bevilgninger;Inntekt fra bevilgninger;Inntekt;Statlig Bevilgning;20.58;-20.58;ACTUAL_YTD_SEP2026
202606;2026-06-30;Juni;Q2;1100;Handelshøyskolen ved UiA;HHU;3400;Tilskudd fra NFR/EU (BOA);Salgs- og driftsinntekt;Inntekt fra tilskudd og overføringer;Tilskudd og overforinger;Inntekt;Forskning (BOA);2.057;-2.057;ACTUAL_YTD_SEP2026
202606;2026-06-30;Juni;Q2;1100;Handelshøyskolen ved UiA;HHU;3670;Salgs- og oppdragsinntekt;Salgs- og driftsinntekt;Leieinntekt og annen driftsinntekt;Andre driftsinntekter;Inntekt;Andre Inntekter;0.698;-0.698;ACTUAL_YTD_SEP2026
202606;2026-06-30;Juni;Q2;1100;Handelshøyskolen ved UiA;HHU;5000;Lønn og sosiale kostnader;Lønnskostnad;Lønn fast ansatte;Lonnskostnader;Kostnad;Lønnskostnader;22.045;22.045;ACTUAL_YTD_SEP2026
202606;2026-06-30;Juni;Q2;1100;Handelshøyskolen ved UiA;HHU;6300;Andre driftskostnader;Annen driftskostnad;Kostnader lokaler;Andre driftskostnader;Kostnad;Driftskostnader;6.27;6.27;ACTUAL_YTD_SEP2026
202606;2026-06-30;Juni;Q2;1100;Handelshøyskolen ved UiA;HHU;6050;Investeringer og avskrivninger;Annen driftskostnad;Av- og nedskrivning;Av- og nedskrivninger;Kostnad;Investeringer (Capex);3.04;3.04;ACTUAL_YTD_SEP2026
202606;2026-06-30;Juni;Q2;1200;Fakultet for teknologi og realfag;TEK;3900;Inntekt fra bevilgninger;Salgs- og driftsinntekt;Inntekt fra bevilgninger;Inntekt fra bevilgninger;Inntekt;Statlig Bevilgning;27.785;-27.785;ACTUAL_YTD_SEP2026
202606;2026-06-30;Juni;Q2;1200;Fakultet for teknologi og realfag;TEK;3400;Tilskudd fra NFR/EU (BOA);Salgs- og driftsinntekt;Inntekt fra tilskudd og overføringer;Tilskudd og overforinger;Inntekt;Forskning (BOA);4.488;-4.488;ACTUAL_YTD_SEP2026
202606;2026-06-30;Juni;Q2;1200;Fakultet for teknologi og realfag;TEK;3670;Salgs- og oppdragsinntekt;Salgs- og driftsinntekt;Leieinntekt og annen driftsinntekt;Andre driftsinntekter;Inntekt;Andre Inntekter;1.754;-1.754;ACTUAL_YTD_SEP2026
202606;2026-06-30;Juni;Q2;1200;Fakultet for teknologi og realfag;TEK;5000;Lønn og sosiale kostnader;Lønnskostnad;Lønn fast ansatte;Lonnskostnader;Kostnad;Lønnskostnader;31.322;31.322;ACTUAL_YTD_SEP2026
202606;2026-06-30;Juni;Q2;1200;Fakultet for teknologi og realfag;TEK;6300;Andre driftskostnader;Annen driftskostnad;Kostnader lokaler;Andre driftskostnader;Kostnad;Driftskostnader;8.91;8.91;ACTUAL_YTD_SEP2026
202606;2026-06-30;Juni;Q2;1200;Fakultet for teknologi og realfag;TEK;6050;Investeringer og avskrivninger;Annen driftskostnad;Av- og nedskrivning;Av- og nedskrivninger;Kostnad;Investeringer (Capex);5.6;5.6;ACTUAL_YTD_SEP2026
202606;2026-06-30;Juni;Q2;1300;Fakultet for helse- og idrettsvitenskap;HEL;3900;Inntekt fra bevilgninger;Salgs- og driftsinntekt;Inntekt fra bevilgninger;Inntekt fra bevilgninger;Inntekt;Statlig Bevilgning;23.665;-23.665;ACTUAL_YTD_SEP2026
202606;2026-06-30;Juni;Q2;1300;Fakultet for helse- og idrettsvitenskap;HEL;3400;Tilskudd fra NFR/EU (BOA);Salgs- og driftsinntekt;Inntekt fra tilskudd og overføringer;Tilskudd og overforinger;Inntekt;Forskning (BOA);2.337;-2.337;ACTUAL_YTD_SEP2026
202606;2026-06-30;Juni;Q2;1300;Fakultet for helse- og idrettsvitenskap;HEL;3670;Salgs- og oppdragsinntekt;Salgs- og driftsinntekt;Leieinntekt og annen driftsinntekt;Andre driftsinntekter;Inntekt;Andre Inntekter;1.324;-1.324;ACTUAL_YTD_SEP2026
202606;2026-06-30;Juni;Q2;1300;Fakultet for helse- og idrettsvitenskap;HEL;5000;Lønn og sosiale kostnader;Lønnskostnad;Lønn fast ansatte;Lonnskostnader;Kostnad;Lønnskostnader;26.678;26.678;ACTUAL_YTD_SEP2026
202606;2026-06-30;Juni;Q2;1300;Fakultet for helse- og idrettsvitenskap;HEL;6300;Andre driftskostnader;Annen driftskostnad;Kostnader lokaler;Andre driftskostnader;Kostnad;Driftskostnader;7.59;7.59;ACTUAL_YTD_SEP2026
202606;2026-06-30;Juni;Q2;1300;Fakultet for helse- og idrettsvitenskap;HEL;6050;Investeringer og avskrivninger;Annen driftskostnad;Av- og nedskrivning;Av- og nedskrivninger;Kostnad;Investeringer (Capex);3.36;3.36;ACTUAL_YTD_SEP2026
202606;2026-06-30;Juni;Q2;1400;Fakultet for samfunnsvitenskap;SAM;3900;Inntekt fra bevilgninger;Salgs- og driftsinntekt;Inntekt fra bevilgninger;Inntekt fra bevilgninger;Inntekt;Statlig Bevilgning;13.375;-13.375;ACTUAL_YTD_SEP2026
202606;2026-06-30;Juni;Q2;1400;Fakultet for samfunnsvitenskap;SAM;3400;Tilskudd fra NFR/EU (BOA);Salgs- og driftsinntekt;Inntekt fra tilskudd og overføringer;Tilskudd og overforinger;Inntekt;Forskning (BOA);1.402;-1.402;ACTUAL_YTD_SEP2026
202606;2026-06-30;Juni;Q2;1400;Fakultet for samfunnsvitenskap;SAM;3670;Salgs- og oppdragsinntekt;Salgs- og driftsinntekt;Leieinntekt og annen driftsinntekt;Andre driftsinntekter;Inntekt;Andre Inntekter;0.796;-0.796;ACTUAL_YTD_SEP2026
202606;2026-06-30;Juni;Q2;1400;Fakultet for samfunnsvitenskap;SAM;5000;Lønn og sosiale kostnader;Lønnskostnad;Lønn fast ansatte;Lonnskostnader;Kostnad;Lønnskostnader;15.078;15.078;ACTUAL_YTD_SEP2026
202606;2026-06-30;Juni;Q2;1400;Fakultet for samfunnsvitenskap;SAM;6300;Andre driftskostnader;Annen driftskostnad;Kostnader lokaler;Andre driftskostnader;Kostnad;Driftskostnader;4.29;4.29;ACTUAL_YTD_SEP2026
202606;2026-06-30;Juni;Q2;1400;Fakultet for samfunnsvitenskap;SAM;6050;Investeringer og avskrivninger;Annen driftskostnad;Av- og nedskrivning;Av- og nedskrivninger;Kostnad;Investeringer (Capex);1.44;1.44;ACTUAL_YTD_SEP2026
202606;2026-06-30;Juni;Q2;1500;Fakultet for humaniora og pedagogikk;HUM;3900;Inntekt fra bevilgninger;Salgs- og driftsinntekt;Inntekt fra bevilgninger;Inntekt fra bevilgninger;Inntekt;Statlig Bevilgning;10.29;-10.29;ACTUAL_YTD_SEP2026
202606;2026-06-30;Juni;Q2;1500;Fakultet for humaniora og pedagogikk;HUM;3400;Tilskudd fra NFR/EU (BOA);Salgs- og driftsinntekt;Inntekt fra tilskudd og overføringer;Tilskudd og overforinger;Inntekt;Forskning (BOA);0.935;-0.935;ACTUAL_YTD_SEP2026
202606;2026-06-30;Juni;Q2;1500;Fakultet for humaniora og pedagogikk;HUM;3670;Salgs- og oppdragsinntekt;Salgs- og driftsinntekt;Leieinntekt og annen driftsinntekt;Andre driftsinntekter;Inntekt;Andre Inntekter;0.528;-0.528;ACTUAL_YTD_SEP2026
202606;2026-06-30;Juni;Q2;1500;Fakultet for humaniora og pedagogikk;HUM;5000;Lønn og sosiale kostnader;Lønnskostnad;Lønn fast ansatte;Lonnskostnader;Kostnad;Lønnskostnader;11.6;11.6;ACTUAL_YTD_SEP2026
202606;2026-06-30;Juni;Q2;1500;Fakultet for humaniora og pedagogikk;HUM;6300;Andre driftskostnader;Annen driftskostnad;Kostnader lokaler;Andre driftskostnader;Kostnad;Driftskostnader;3.3;3.3;ACTUAL_YTD_SEP2026
202606;2026-06-30;Juni;Q2;1500;Fakultet for humaniora og pedagogikk;HUM;6050;Investeringer og avskrivninger;Annen driftskostnad;Av- og nedskrivning;Av- og nedskrivninger;Kostnad;Investeringer (Capex);1.12;1.12;ACTUAL_YTD_SEP2026
202606;2026-06-30;Juni;Q2;1900;Fellesadministrasjon & Fellesdrift;ADM;3900;Inntekt fra bevilgninger;Salgs- og driftsinntekt;Inntekt fra bevilgninger;Inntekt fra bevilgninger;Inntekt;Statlig Bevilgning;7.205;-7.205;ACTUAL_YTD_SEP2026
202606;2026-06-30;Juni;Q2;1900;Fellesadministrasjon & Fellesdrift;ADM;3400;Tilskudd fra NFR/EU (BOA);Salgs- og driftsinntekt;Inntekt fra tilskudd og overføringer;Tilskudd og overforinger;Inntekt;Forskning (BOA);0.28;-0.28;ACTUAL_YTD_SEP2026
202606;2026-06-30;Juni;Q2;1900;Fellesadministrasjon & Fellesdrift;ADM;3670;Salgs- og oppdragsinntekt;Salgs- og driftsinntekt;Leieinntekt og annen driftsinntekt;Andre driftsinntekter;Inntekt;Andre Inntekter;1.7;-1.7;ACTUAL_YTD_SEP2026
202606;2026-06-30;Juni;Q2;1900;Fellesadministrasjon & Fellesdrift;ADM;5000;Lønn og sosiale kostnader;Lønnskostnad;Lønn fast ansatte;Lonnskostnader;Kostnad;Lønnskostnader;9.278;9.278;ACTUAL_YTD_SEP2026
202606;2026-06-30;Juni;Q2;1900;Fellesadministrasjon & Fellesdrift;ADM;6300;Andre driftskostnader;Annen driftskostnad;Kostnader lokaler;Andre driftskostnader;Kostnad;Driftskostnader;2.64;2.64;ACTUAL_YTD_SEP2026
202606;2026-06-30;Juni;Q2;1900;Fellesadministrasjon & Fellesdrift;ADM;6050;Investeringer og avskrivninger;Annen driftskostnad;Av- og nedskrivning;Av- og nedskrivninger;Kostnad;Investeringer (Capex);1.44;1.44;ACTUAL_YTD_SEP2026
202607;2026-07-31;Juli;Q3;1100;Handelshøyskolen ved UiA;HHU;3900;Inntekt fra bevilgninger;Salgs- og driftsinntekt;Inntekt fra bevilgninger;Inntekt fra bevilgninger;Inntekt;Statlig Bevilgning;20.56;-20.56;ACTUAL_YTD_SEP2026
202607;2026-07-31;Juli;Q3;1100;Handelshøyskolen ved UiA;HHU;3400;Tilskudd fra NFR/EU (BOA);Salgs- og driftsinntekt;Inntekt fra tilskudd og overføringer;Tilskudd og overforinger;Inntekt;Forskning (BOA);1.109;-1.109;ACTUAL_YTD_SEP2026
202607;2026-07-31;Juli;Q3;1100;Handelshøyskolen ved UiA;HHU;3670;Salgs- og oppdragsinntekt;Salgs- og driftsinntekt;Leieinntekt og annen driftsinntekt;Andre driftsinntekter;Inntekt;Andre Inntekter;0.431;-0.431;ACTUAL_YTD_SEP2026
202607;2026-07-31;Juli;Q3;1100;Handelshøyskolen ved UiA;HHU;5000;Lønn og sosiale kostnader;Lønnskostnad;Lønn fast ansatte;Lonnskostnader;Kostnad;Lønnskostnader;11.498;11.498;ACTUAL_YTD_SEP2026
202607;2026-07-31;Juli;Q3;1100;Handelshøyskolen ved UiA;HHU;6300;Andre driftskostnader;Annen driftskostnad;Kostnader lokaler;Andre driftskostnader;Kostnad;Driftskostnader;3.8;3.8;ACTUAL_YTD_SEP2026
202607;2026-07-31;Juli;Q3;1100;Handelshøyskolen ved UiA;HHU;6050;Investeringer og avskrivninger;Annen driftskostnad;Av- og nedskrivning;Av- og nedskrivninger;Kostnad;Investeringer (Capex);1.71;1.71;ACTUAL_YTD_SEP2026
202607;2026-07-31;Juli;Q3;1200;Fakultet for teknologi og realfag;TEK;3900;Inntekt fra bevilgninger;Salgs- og driftsinntekt;Inntekt fra bevilgninger;Inntekt fra bevilgninger;Inntekt;Statlig Bevilgning;27.758;-27.758;ACTUAL_YTD_SEP2026
202607;2026-07-31;Juli;Q3;1200;Fakultet for teknologi og realfag;TEK;3400;Tilskudd fra NFR/EU (BOA);Salgs- og driftsinntekt;Inntekt fra tilskudd og overføringer;Tilskudd og overforinger;Inntekt;Forskning (BOA);2.42;-2.42;ACTUAL_YTD_SEP2026
202607;2026-07-31;Juli;Q3;1200;Fakultet for teknologi og realfag;TEK;3670;Salgs- og oppdragsinntekt;Salgs- og driftsinntekt;Leieinntekt og annen driftsinntekt;Andre driftsinntekter;Inntekt;Andre Inntekter;1.083;-1.083;ACTUAL_YTD_SEP2026
202607;2026-07-31;Juli;Q3;1200;Fakultet for teknologi og realfag;TEK;5000;Lønn og sosiale kostnader;Lønnskostnad;Lønn fast ansatte;Lonnskostnader;Kostnad;Lønnskostnader;16.336;16.336;ACTUAL_YTD_SEP2026
202607;2026-07-31;Juli;Q3;1200;Fakultet for teknologi og realfag;TEK;6300;Andre driftskostnader;Annen driftskostnad;Kostnader lokaler;Andre driftskostnader;Kostnad;Driftskostnader;5.4;5.4;ACTUAL_YTD_SEP2026
202607;2026-07-31;Juli;Q3;1200;Fakultet for teknologi og realfag;TEK;6050;Investeringer og avskrivninger;Annen driftskostnad;Av- og nedskrivning;Av- og nedskrivninger;Kostnad;Investeringer (Capex);3.15;3.15;ACTUAL_YTD_SEP2026
202607;2026-07-31;Juli;Q3;1300;Fakultet for helse- og idrettsvitenskap;HEL;3900;Inntekt fra bevilgninger;Salgs- og driftsinntekt;Inntekt fra bevilgninger;Inntekt fra bevilgninger;Inntekt;Statlig Bevilgning;23.642;-23.642;ACTUAL_YTD_SEP2026
202607;2026-07-31;Juli;Q3;1300;Fakultet for helse- og idrettsvitenskap;HEL;3400;Tilskudd fra NFR/EU (BOA);Salgs- og driftsinntekt;Inntekt fra tilskudd og overføringer;Tilskudd og overforinger;Inntekt;Forskning (BOA);1.26;-1.26;ACTUAL_YTD_SEP2026
202607;2026-07-31;Juli;Q3;1300;Fakultet for helse- og idrettsvitenskap;HEL;3670;Salgs- og oppdragsinntekt;Salgs- og driftsinntekt;Leieinntekt og annen driftsinntekt;Andre driftsinntekter;Inntekt;Andre Inntekter;0.818;-0.818;ACTUAL_YTD_SEP2026
202607;2026-07-31;Juli;Q3;1300;Fakultet for helse- og idrettsvitenskap;HEL;5000;Lønn og sosiale kostnader;Lønnskostnad;Lønn fast ansatte;Lonnskostnader;Kostnad;Lønnskostnader;13.914;13.914;ACTUAL_YTD_SEP2026
202607;2026-07-31;Juli;Q3;1300;Fakultet for helse- og idrettsvitenskap;HEL;6300;Andre driftskostnader;Annen driftskostnad;Kostnader lokaler;Andre driftskostnader;Kostnad;Driftskostnader;4.6;4.6;ACTUAL_YTD_SEP2026
202607;2026-07-31;Juli;Q3;1300;Fakultet for helse- og idrettsvitenskap;HEL;6050;Investeringer og avskrivninger;Annen driftskostnad;Av- og nedskrivning;Av- og nedskrivninger;Kostnad;Investeringer (Capex);1.89;1.89;ACTUAL_YTD_SEP2026
202607;2026-07-31;Juli;Q3;1400;Fakultet for samfunnsvitenskap;SAM;3900;Inntekt fra bevilgninger;Salgs- og driftsinntekt;Inntekt fra bevilgninger;Inntekt fra bevilgninger;Inntekt;Statlig Bevilgning;13.362;-13.362;ACTUAL_YTD_SEP2026
202607;2026-07-31;Juli;Q3;1400;Fakultet for samfunnsvitenskap;SAM;3400;Tilskudd fra NFR/EU (BOA);Salgs- og driftsinntekt;Inntekt fra tilskudd og overføringer;Tilskudd og overforinger;Inntekt;Forskning (BOA);0.756;-0.756;ACTUAL_YTD_SEP2026
202607;2026-07-31;Juli;Q3;1400;Fakultet for samfunnsvitenskap;SAM;3670;Salgs- og oppdragsinntekt;Salgs- og driftsinntekt;Leieinntekt og annen driftsinntekt;Andre driftsinntekter;Inntekt;Andre Inntekter;0.492;-0.492;ACTUAL_YTD_SEP2026
202607;2026-07-31;Juli;Q3;1400;Fakultet for samfunnsvitenskap;SAM;5000;Lønn og sosiale kostnader;Lønnskostnad;Lønn fast ansatte;Lonnskostnader;Kostnad;Lønnskostnader;7.864;7.864;ACTUAL_YTD_SEP2026
202607;2026-07-31;Juli;Q3;1400;Fakultet for samfunnsvitenskap;SAM;6300;Andre driftskostnader;Annen driftskostnad;Kostnader lokaler;Andre driftskostnader;Kostnad;Driftskostnader;2.6;2.6;ACTUAL_YTD_SEP2026
202607;2026-07-31;Juli;Q3;1400;Fakultet for samfunnsvitenskap;SAM;6050;Investeringer og avskrivninger;Annen driftskostnad;Av- og nedskrivning;Av- og nedskrivninger;Kostnad;Investeringer (Capex);0.81;0.81;ACTUAL_YTD_SEP2026
202607;2026-07-31;Juli;Q3;1500;Fakultet for humaniora og pedagogikk;HUM;3900;Inntekt fra bevilgninger;Salgs- og driftsinntekt;Inntekt fra bevilgninger;Inntekt fra bevilgninger;Inntekt;Statlig Bevilgning;10.28;-10.28;ACTUAL_YTD_SEP2026
202607;2026-07-31;Juli;Q3;1500;Fakultet for humaniora og pedagogikk;HUM;3400;Tilskudd fra NFR/EU (BOA);Salgs- og driftsinntekt;Inntekt fra tilskudd og overføringer;Tilskudd og overforinger;Inntekt;Forskning (BOA);0.504;-0.504;ACTUAL_YTD_SEP2026
202607;2026-07-31;Juli;Q3;1500;Fakultet for humaniora og pedagogikk;HUM;3670;Salgs- og oppdragsinntekt;Salgs- og driftsinntekt;Leieinntekt og annen driftsinntekt;Andre driftsinntekter;Inntekt;Andre Inntekter;0.326;-0.326;ACTUAL_YTD_SEP2026
202607;2026-07-31;Juli;Q3;1500;Fakultet for humaniora og pedagogikk;HUM;5000;Lønn og sosiale kostnader;Lønnskostnad;Lønn fast ansatte;Lonnskostnader;Kostnad;Lønnskostnader;6.05;6.05;ACTUAL_YTD_SEP2026
202607;2026-07-31;Juli;Q3;1500;Fakultet for humaniora og pedagogikk;HUM;6300;Andre driftskostnader;Annen driftskostnad;Kostnader lokaler;Andre driftskostnader;Kostnad;Driftskostnader;2.0;2.0;ACTUAL_YTD_SEP2026
202607;2026-07-31;Juli;Q3;1500;Fakultet for humaniora og pedagogikk;HUM;6050;Investeringer og avskrivninger;Annen driftskostnad;Av- og nedskrivning;Av- og nedskrivninger;Kostnad;Investeringer (Capex);0.63;0.63;ACTUAL_YTD_SEP2026
202607;2026-07-31;Juli;Q3;1900;Fellesadministrasjon & Fellesdrift;ADM;3900;Inntekt fra bevilgninger;Salgs- og driftsinntekt;Inntekt fra bevilgninger;Inntekt fra bevilgninger;Inntekt;Statlig Bevilgning;7.198;-7.198;ACTUAL_YTD_SEP2026
202607;2026-07-31;Juli;Q3;1900;Fellesadministrasjon & Fellesdrift;ADM;3400;Tilskudd fra NFR/EU (BOA);Salgs- og driftsinntekt;Inntekt fra tilskudd og overføringer;Tilskudd og overforinger;Inntekt;Forskning (BOA);0.151;-0.151;ACTUAL_YTD_SEP2026
202607;2026-07-31;Juli;Q3;1900;Fellesadministrasjon & Fellesdrift;ADM;3670;Salgs- og oppdragsinntekt;Salgs- og driftsinntekt;Leieinntekt og annen driftsinntekt;Andre driftsinntekter;Inntekt;Andre Inntekter;1.05;-1.05;ACTUAL_YTD_SEP2026
202607;2026-07-31;Juli;Q3;1900;Fellesadministrasjon & Fellesdrift;ADM;5000;Lønn og sosiale kostnader;Lønnskostnad;Lønn fast ansatte;Lonnskostnader;Kostnad;Lønnskostnader;4.839;4.839;ACTUAL_YTD_SEP2026
202607;2026-07-31;Juli;Q3;1900;Fellesadministrasjon & Fellesdrift;ADM;6300;Andre driftskostnader;Annen driftskostnad;Kostnader lokaler;Andre driftskostnader;Kostnad;Driftskostnader;1.6;1.6;ACTUAL_YTD_SEP2026
202607;2026-07-31;Juli;Q3;1900;Fellesadministrasjon & Fellesdrift;ADM;6050;Investeringer og avskrivninger;Annen driftskostnad;Av- og nedskrivning;Av- og nedskrivninger;Kostnad;Investeringer (Capex);0.81;0.81;ACTUAL_YTD_SEP2026
202608;2026-08-31;August;Q3;1100;Handelshøyskolen ved UiA;HHU;3900;Inntekt fra bevilgninger;Salgs- og driftsinntekt;Inntekt fra bevilgninger;Inntekt fra bevilgninger;Inntekt;Statlig Bevilgning;20.56;-20.56;ACTUAL_YTD_SEP2026
202608;2026-08-31;August;Q3;1100;Handelshøyskolen ved UiA;HHU;3400;Tilskudd fra NFR/EU (BOA);Salgs- og driftsinntekt;Inntekt fra tilskudd og overføringer;Tilskudd og overforinger;Inntekt;Forskning (BOA);1.753;-1.753;ACTUAL_YTD_SEP2026
202608;2026-08-31;August;Q3;1100;Handelshøyskolen ved UiA;HHU;3670;Salgs- og oppdragsinntekt;Salgs- og driftsinntekt;Leieinntekt og annen driftsinntekt;Andre driftsinntekter;Inntekt;Andre Inntekter;0.677;-0.677;ACTUAL_YTD_SEP2026
202608;2026-08-31;August;Q3;1100;Handelshøyskolen ved UiA;HHU;5000;Lønn og sosiale kostnader;Lønnskostnad;Lønn fast ansatte;Lonnskostnader;Kostnad;Lønnskostnader;14.633;14.633;ACTUAL_YTD_SEP2026
202608;2026-08-31;August;Q3;1100;Handelshøyskolen ved UiA;HHU;6300;Andre driftskostnader;Annen driftskostnad;Kostnader lokaler;Andre driftskostnader;Kostnad;Driftskostnader;5.13;5.13;ACTUAL_YTD_SEP2026
202608;2026-08-31;August;Q3;1100;Handelshøyskolen ved UiA;HHU;6050;Investeringer og avskrivninger;Annen driftskostnad;Av- og nedskrivning;Av- og nedskrivninger;Kostnad;Investeringer (Capex);2.66;2.66;ACTUAL_YTD_SEP2026
202608;2026-08-31;August;Q3;1200;Fakultet for teknologi og realfag;TEK;3900;Inntekt fra bevilgninger;Salgs- og driftsinntekt;Inntekt fra bevilgninger;Inntekt fra bevilgninger;Inntekt;Statlig Bevilgning;27.758;-27.758;ACTUAL_YTD_SEP2026
202608;2026-08-31;August;Q3;1200;Fakultet for teknologi og realfag;TEK;3400;Tilskudd fra NFR/EU (BOA);Salgs- og driftsinntekt;Inntekt fra tilskudd og overføringer;Tilskudd og overforinger;Inntekt;Forskning (BOA);3.824;-3.824;ACTUAL_YTD_SEP2026
202608;2026-08-31;August;Q3;1200;Fakultet for teknologi og realfag;TEK;3670;Salgs- og oppdragsinntekt;Salgs- og driftsinntekt;Leieinntekt og annen driftsinntekt;Andre driftsinntekter;Inntekt;Andre Inntekter;1.702;-1.702;ACTUAL_YTD_SEP2026
202608;2026-08-31;August;Q3;1200;Fakultet for teknologi og realfag;TEK;5000;Lønn og sosiale kostnader;Lønnskostnad;Lønn fast ansatte;Lonnskostnader;Kostnad;Lønnskostnader;20.792;20.792;ACTUAL_YTD_SEP2026
202608;2026-08-31;August;Q3;1200;Fakultet for teknologi og realfag;TEK;6300;Andre driftskostnader;Annen driftskostnad;Kostnader lokaler;Andre driftskostnader;Kostnad;Driftskostnader;7.29;7.29;ACTUAL_YTD_SEP2026
202608;2026-08-31;August;Q3;1200;Fakultet for teknologi og realfag;TEK;6050;Investeringer og avskrivninger;Annen driftskostnad;Av- og nedskrivning;Av- og nedskrivninger;Kostnad;Investeringer (Capex);4.9;4.9;ACTUAL_YTD_SEP2026
202608;2026-08-31;August;Q3;1300;Fakultet for helse- og idrettsvitenskap;HEL;3900;Inntekt fra bevilgninger;Salgs- og driftsinntekt;Inntekt fra bevilgninger;Inntekt fra bevilgninger;Inntekt;Statlig Bevilgning;23.642;-23.642;ACTUAL_YTD_SEP2026
202608;2026-08-31;August;Q3;1300;Fakultet for helse- og idrettsvitenskap;HEL;3400;Tilskudd fra NFR/EU (BOA);Salgs- og driftsinntekt;Inntekt fra tilskudd og overføringer;Tilskudd og overforinger;Inntekt;Forskning (BOA);1.992;-1.992;ACTUAL_YTD_SEP2026
202608;2026-08-31;August;Q3;1300;Fakultet for helse- og idrettsvitenskap;HEL;3670;Salgs- og oppdragsinntekt;Salgs- og driftsinntekt;Leieinntekt og annen driftsinntekt;Andre driftsinntekter;Inntekt;Andre Inntekter;1.285;-1.285;ACTUAL_YTD_SEP2026
202608;2026-08-31;August;Q3;1300;Fakultet for helse- og idrettsvitenskap;HEL;5000;Lønn og sosiale kostnader;Lønnskostnad;Lønn fast ansatte;Lonnskostnader;Kostnad;Lønnskostnader;17.708;17.708;ACTUAL_YTD_SEP2026
202608;2026-08-31;August;Q3;1300;Fakultet for helse- og idrettsvitenskap;HEL;6300;Andre driftskostnader;Annen driftskostnad;Kostnader lokaler;Andre driftskostnader;Kostnad;Driftskostnader;6.21;6.21;ACTUAL_YTD_SEP2026
202608;2026-08-31;August;Q3;1300;Fakultet for helse- og idrettsvitenskap;HEL;6050;Investeringer og avskrivninger;Annen driftskostnad;Av- og nedskrivning;Av- og nedskrivninger;Kostnad;Investeringer (Capex);2.94;2.94;ACTUAL_YTD_SEP2026
202608;2026-08-31;August;Q3;1400;Fakultet for samfunnsvitenskap;SAM;3900;Inntekt fra bevilgninger;Salgs- og driftsinntekt;Inntekt fra bevilgninger;Inntekt fra bevilgninger;Inntekt;Statlig Bevilgning;13.362;-13.362;ACTUAL_YTD_SEP2026
202608;2026-08-31;August;Q3;1400;Fakultet for samfunnsvitenskap;SAM;3400;Tilskudd fra NFR/EU (BOA);Salgs- og driftsinntekt;Inntekt fra tilskudd og overføringer;Tilskudd og overforinger;Inntekt;Forskning (BOA);1.195;-1.195;ACTUAL_YTD_SEP2026
202608;2026-08-31;August;Q3;1400;Fakultet for samfunnsvitenskap;SAM;3670;Salgs- og oppdragsinntekt;Salgs- og driftsinntekt;Leieinntekt og annen driftsinntekt;Andre driftsinntekter;Inntekt;Andre Inntekter;0.773;-0.773;ACTUAL_YTD_SEP2026
202608;2026-08-31;August;Q3;1400;Fakultet for samfunnsvitenskap;SAM;5000;Lønn og sosiale kostnader;Lønnskostnad;Lønn fast ansatte;Lonnskostnader;Kostnad;Lønnskostnader;10.008;10.008;ACTUAL_YTD_SEP2026
202608;2026-08-31;August;Q3;1400;Fakultet for samfunnsvitenskap;SAM;6300;Andre driftskostnader;Annen driftskostnad;Kostnader lokaler;Andre driftskostnader;Kostnad;Driftskostnader;3.51;3.51;ACTUAL_YTD_SEP2026
202608;2026-08-31;August;Q3;1400;Fakultet for samfunnsvitenskap;SAM;6050;Investeringer og avskrivninger;Annen driftskostnad;Av- og nedskrivning;Av- og nedskrivninger;Kostnad;Investeringer (Capex);1.26;1.26;ACTUAL_YTD_SEP2026
202608;2026-08-31;August;Q3;1500;Fakultet for humaniora og pedagogikk;HUM;3900;Inntekt fra bevilgninger;Salgs- og driftsinntekt;Inntekt fra bevilgninger;Inntekt fra bevilgninger;Inntekt;Statlig Bevilgning;10.28;-10.28;ACTUAL_YTD_SEP2026
202608;2026-08-31;August;Q3;1500;Fakultet for humaniora og pedagogikk;HUM;3400;Tilskudd fra NFR/EU (BOA);Salgs- og driftsinntekt;Inntekt fra tilskudd og overføringer;Tilskudd og overforinger;Inntekt;Forskning (BOA);0.797;-0.797;ACTUAL_YTD_SEP2026
202608;2026-08-31;August;Q3;1500;Fakultet for humaniora og pedagogikk;HUM;3670;Salgs- og oppdragsinntekt;Salgs- og driftsinntekt;Leieinntekt og annen driftsinntekt;Andre driftsinntekter;Inntekt;Andre Inntekter;0.512;-0.512;ACTUAL_YTD_SEP2026
202608;2026-08-31;August;Q3;1500;Fakultet for humaniora og pedagogikk;HUM;5000;Lønn og sosiale kostnader;Lønnskostnad;Lønn fast ansatte;Lonnskostnader;Kostnad;Lønnskostnader;7.7;7.7;ACTUAL_YTD_SEP2026
202608;2026-08-31;August;Q3;1500;Fakultet for humaniora og pedagogikk;HUM;6300;Andre driftskostnader;Annen driftskostnad;Kostnader lokaler;Andre driftskostnader;Kostnad;Driftskostnader;2.7;2.7;ACTUAL_YTD_SEP2026
202608;2026-08-31;August;Q3;1500;Fakultet for humaniora og pedagogikk;HUM;6050;Investeringer og avskrivninger;Annen driftskostnad;Av- og nedskrivning;Av- og nedskrivninger;Kostnad;Investeringer (Capex);0.98;0.98;ACTUAL_YTD_SEP2026
202608;2026-08-31;August;Q3;1900;Fellesadministrasjon & Fellesdrift;ADM;3900;Inntekt fra bevilgninger;Salgs- og driftsinntekt;Inntekt fra bevilgninger;Inntekt fra bevilgninger;Inntekt;Statlig Bevilgning;7.198;-7.198;ACTUAL_YTD_SEP2026
202608;2026-08-31;August;Q3;1900;Fellesadministrasjon & Fellesdrift;ADM;3400;Tilskudd fra NFR/EU (BOA);Salgs- og driftsinntekt;Inntekt fra tilskudd og overføringer;Tilskudd og overforinger;Inntekt;Forskning (BOA);0.239;-0.239;ACTUAL_YTD_SEP2026
202608;2026-08-31;August;Q3;1900;Fellesadministrasjon & Fellesdrift;ADM;3670;Salgs- og oppdragsinntekt;Salgs- og driftsinntekt;Leieinntekt og annen driftsinntekt;Andre driftsinntekter;Inntekt;Andre Inntekter;1.65;-1.65;ACTUAL_YTD_SEP2026
202608;2026-08-31;August;Q3;1900;Fellesadministrasjon & Fellesdrift;ADM;5000;Lønn og sosiale kostnader;Lønnskostnad;Lønn fast ansatte;Lonnskostnader;Kostnad;Lønnskostnader;6.158;6.158;ACTUAL_YTD_SEP2026
202608;2026-08-31;August;Q3;1900;Fellesadministrasjon & Fellesdrift;ADM;6300;Andre driftskostnader;Annen driftskostnad;Kostnader lokaler;Andre driftskostnader;Kostnad;Driftskostnader;2.16;2.16;ACTUAL_YTD_SEP2026
202608;2026-08-31;August;Q3;1900;Fellesadministrasjon & Fellesdrift;ADM;6050;Investeringer og avskrivninger;Annen driftskostnad;Av- og nedskrivning;Av- og nedskrivninger;Kostnad;Investeringer (Capex);1.26;1.26;ACTUAL_YTD_SEP2026
202609;2026-09-30;September;Q3;1100;Handelshøyskolen ved UiA;HHU;3900;Inntekt fra bevilgninger;Salgs- og driftsinntekt;Inntekt fra bevilgninger;Inntekt fra bevilgninger;Inntekt;Statlig Bevilgning;20.58;-20.58;ACTUAL_YTD_SEP2026
202609;2026-09-30;September;Q3;1100;Handelshøyskolen ved UiA;HHU;3400;Tilskudd fra NFR/EU (BOA);Salgs- og driftsinntekt;Inntekt fra tilskudd og overføringer;Tilskudd og overforinger;Inntekt;Forskning (BOA);2.039;-2.039;ACTUAL_YTD_SEP2026
202609;2026-09-30;September;Q3;1100;Handelshøyskolen ved UiA;HHU;3670;Salgs- og oppdragsinntekt;Salgs- og driftsinntekt;Leieinntekt og annen driftsinntekt;Andre driftsinntekter;Inntekt;Andre Inntekter;0.842;-0.842;ACTUAL_YTD_SEP2026
202609;2026-09-30;September;Q3;1100;Handelshøyskolen ved UiA;HHU;5000;Lønn og sosiale kostnader;Lønnskostnad;Lønn fast ansatte;Lonnskostnader;Kostnad;Lønnskostnader;15.108;15.108;ACTUAL_YTD_SEP2026
202609;2026-09-30;September;Q3;1100;Handelshøyskolen ved UiA;HHU;6300;Andre driftskostnader;Annen driftskostnad;Kostnader lokaler;Andre driftskostnader;Kostnad;Driftskostnader;5.985;5.985;ACTUAL_YTD_SEP2026
202609;2026-09-30;September;Q3;1100;Handelshøyskolen ved UiA;HHU;6050;Investeringer og avskrivninger;Annen driftskostnad;Av- og nedskrivning;Av- og nedskrivninger;Kostnad;Investeringer (Capex);2.85;2.85;ACTUAL_YTD_SEP2026
202609;2026-09-30;September;Q3;1200;Fakultet for teknologi og realfag;TEK;3900;Inntekt fra bevilgninger;Salgs- og driftsinntekt;Inntekt fra bevilgninger;Inntekt fra bevilgninger;Inntekt;Statlig Bevilgning;27.785;-27.785;ACTUAL_YTD_SEP2026
202609;2026-09-30;September;Q3;1200;Fakultet for teknologi og realfag;TEK;3400;Tilskudd fra NFR/EU (BOA);Salgs- og driftsinntekt;Inntekt fra tilskudd og overføringer;Tilskudd og overforinger;Inntekt;Forskning (BOA);4.449;-4.449;ACTUAL_YTD_SEP2026
202609;2026-09-30;September;Q3;1200;Fakultet for teknologi og realfag;TEK;3670;Salgs- og oppdragsinntekt;Salgs- og driftsinntekt;Leieinntekt og annen driftsinntekt;Andre driftsinntekter;Inntekt;Andre Inntekter;2.115;-2.115;ACTUAL_YTD_SEP2026
202609;2026-09-30;September;Q3;1200;Fakultet for teknologi og realfag;TEK;5000;Lønn og sosiale kostnader;Lønnskostnad;Lønn fast ansatte;Lonnskostnader;Kostnad;Lønnskostnader;21.467;21.467;ACTUAL_YTD_SEP2026
202609;2026-09-30;September;Q3;1200;Fakultet for teknologi og realfag;TEK;6300;Andre driftskostnader;Annen driftskostnad;Kostnader lokaler;Andre driftskostnader;Kostnad;Driftskostnader;8.505;8.505;ACTUAL_YTD_SEP2026
202609;2026-09-30;September;Q3;1200;Fakultet for teknologi og realfag;TEK;6050;Investeringer og avskrivninger;Annen driftskostnad;Av- og nedskrivning;Av- og nedskrivninger;Kostnad;Investeringer (Capex);5.25;5.25;ACTUAL_YTD_SEP2026
202609;2026-09-30;September;Q3;1300;Fakultet for helse- og idrettsvitenskap;HEL;3900;Inntekt fra bevilgninger;Salgs- og driftsinntekt;Inntekt fra bevilgninger;Inntekt fra bevilgninger;Inntekt;Statlig Bevilgning;23.665;-23.665;ACTUAL_YTD_SEP2026
202609;2026-09-30;September;Q3;1300;Fakultet for helse- og idrettsvitenskap;HEL;3400;Tilskudd fra NFR/EU (BOA);Salgs- og driftsinntekt;Inntekt fra tilskudd og overføringer;Tilskudd og overforinger;Inntekt;Forskning (BOA);2.317;-2.317;ACTUAL_YTD_SEP2026
202609;2026-09-30;September;Q3;1300;Fakultet for helse- og idrettsvitenskap;HEL;3670;Salgs- og oppdragsinntekt;Salgs- og driftsinntekt;Leieinntekt og annen driftsinntekt;Andre driftsinntekter;Inntekt;Andre Inntekter;1.597;-1.597;ACTUAL_YTD_SEP2026
202609;2026-09-30;September;Q3;1300;Fakultet for helse- og idrettsvitenskap;HEL;5000;Lønn og sosiale kostnader;Lønnskostnad;Lønn fast ansatte;Lonnskostnader;Kostnad;Lønnskostnader;18.283;18.283;ACTUAL_YTD_SEP2026
202609;2026-09-30;September;Q3;1300;Fakultet for helse- og idrettsvitenskap;HEL;6300;Andre driftskostnader;Annen driftskostnad;Kostnader lokaler;Andre driftskostnader;Kostnad;Driftskostnader;7.245;7.245;ACTUAL_YTD_SEP2026
202609;2026-09-30;September;Q3;1300;Fakultet for helse- og idrettsvitenskap;HEL;6050;Investeringer og avskrivninger;Annen driftskostnad;Av- og nedskrivning;Av- og nedskrivninger;Kostnad;Investeringer (Capex);3.15;3.15;ACTUAL_YTD_SEP2026
202609;2026-09-30;September;Q3;1400;Fakultet for samfunnsvitenskap;SAM;3900;Inntekt fra bevilgninger;Salgs- og driftsinntekt;Inntekt fra bevilgninger;Inntekt fra bevilgninger;Inntekt;Statlig Bevilgning;13.375;-13.375;ACTUAL_YTD_SEP2026
202609;2026-09-30;September;Q3;1400;Fakultet for samfunnsvitenskap;SAM;3400;Tilskudd fra NFR/EU (BOA);Salgs- og driftsinntekt;Inntekt fra tilskudd og overføringer;Tilskudd og overforinger;Inntekt;Forskning (BOA);1.39;-1.39;ACTUAL_YTD_SEP2026
202609;2026-09-30;September;Q3;1400;Fakultet for samfunnsvitenskap;SAM;3670;Salgs- og oppdragsinntekt;Salgs- og driftsinntekt;Leieinntekt og annen driftsinntekt;Andre driftsinntekter;Inntekt;Andre Inntekter;0.96;-0.96;ACTUAL_YTD_SEP2026
202609;2026-09-30;September;Q3;1400;Fakultet for samfunnsvitenskap;SAM;5000;Lønn og sosiale kostnader;Lønnskostnad;Lønn fast ansatte;Lonnskostnader;Kostnad;Lønnskostnader;10.333;10.333;ACTUAL_YTD_SEP2026
202609;2026-09-30;September;Q3;1400;Fakultet for samfunnsvitenskap;SAM;6300;Andre driftskostnader;Annen driftskostnad;Kostnader lokaler;Andre driftskostnader;Kostnad;Driftskostnader;4.095;4.095;ACTUAL_YTD_SEP2026
202609;2026-09-30;September;Q3;1400;Fakultet for samfunnsvitenskap;SAM;6050;Investeringer og avskrivninger;Annen driftskostnad;Av- og nedskrivning;Av- og nedskrivninger;Kostnad;Investeringer (Capex);1.35;1.35;ACTUAL_YTD_SEP2026
202609;2026-09-30;September;Q3;1500;Fakultet for humaniora og pedagogikk;HUM;3900;Inntekt fra bevilgninger;Salgs- og driftsinntekt;Inntekt fra bevilgninger;Inntekt fra bevilgninger;Inntekt;Statlig Bevilgning;10.29;-10.29;ACTUAL_YTD_SEP2026
202609;2026-09-30;September;Q3;1500;Fakultet for humaniora og pedagogikk;HUM;3400;Tilskudd fra NFR/EU (BOA);Salgs- og driftsinntekt;Inntekt fra tilskudd og overføringer;Tilskudd og overforinger;Inntekt;Forskning (BOA);0.927;-0.927;ACTUAL_YTD_SEP2026
202609;2026-09-30;September;Q3;1500;Fakultet for humaniora og pedagogikk;HUM;3670;Salgs- og oppdragsinntekt;Salgs- og driftsinntekt;Leieinntekt og annen driftsinntekt;Andre driftsinntekter;Inntekt;Andre Inntekter;0.637;-0.637;ACTUAL_YTD_SEP2026
202609;2026-09-30;September;Q3;1500;Fakultet for humaniora og pedagogikk;HUM;5000;Lønn og sosiale kostnader;Lønnskostnad;Lønn fast ansatte;Lonnskostnader;Kostnad;Lønnskostnader;7.95;7.95;ACTUAL_YTD_SEP2026
202609;2026-09-30;September;Q3;1500;Fakultet for humaniora og pedagogikk;HUM;6300;Andre driftskostnader;Annen driftskostnad;Kostnader lokaler;Andre driftskostnader;Kostnad;Driftskostnader;3.15;3.15;ACTUAL_YTD_SEP2026
202609;2026-09-30;September;Q3;1500;Fakultet for humaniora og pedagogikk;HUM;6050;Investeringer og avskrivninger;Annen driftskostnad;Av- og nedskrivning;Av- og nedskrivninger;Kostnad;Investeringer (Capex);1.05;1.05;ACTUAL_YTD_SEP2026
202609;2026-09-30;September;Q3;1900;Fellesadministrasjon & Fellesdrift;ADM;3900;Inntekt fra bevilgninger;Salgs- og driftsinntekt;Inntekt fra bevilgninger;Inntekt fra bevilgninger;Inntekt;Statlig Bevilgning;7.205;-7.205;ACTUAL_YTD_SEP2026
202609;2026-09-30;September;Q3;1900;Fellesadministrasjon & Fellesdrift;ADM;3400;Tilskudd fra NFR/EU (BOA);Salgs- og driftsinntekt;Inntekt fra tilskudd og overføringer;Tilskudd og overforinger;Inntekt;Forskning (BOA);0.278;-0.278;ACTUAL_YTD_SEP2026
202609;2026-09-30;September;Q3;1900;Fellesadministrasjon & Fellesdrift;ADM;3670;Salgs- og oppdragsinntekt;Salgs- og driftsinntekt;Leieinntekt og annen driftsinntekt;Andre driftsinntekter;Inntekt;Andre Inntekter;2.05;-2.05;ACTUAL_YTD_SEP2026
202609;2026-09-30;September;Q3;1900;Fellesadministrasjon & Fellesdrift;ADM;5000;Lønn og sosiale kostnader;Lønnskostnad;Lønn fast ansatte;Lonnskostnader;Kostnad;Lønnskostnader;6.358;6.358;ACTUAL_YTD_SEP2026
202609;2026-09-30;September;Q3;1900;Fellesadministrasjon & Fellesdrift;ADM;6300;Andre driftskostnader;Annen driftskostnad;Kostnader lokaler;Andre driftskostnader;Kostnad;Driftskostnader;2.52;2.52;ACTUAL_YTD_SEP2026
202609;2026-09-30;September;Q3;1900;Fellesadministrasjon & Fellesdrift;ADM;6050;Investeringer og avskrivninger;Annen driftskostnad;Av- og nedskrivning;Av- og nedskrivninger;Kostnad;Investeringer (Capex);1.35;1.35;ACTUAL_YTD_SEP2026
202610;2026-10-31;Oktober;Q4;1100;Handelshøyskolen ved UiA;HHU;3900;Inntekt fra bevilgninger;Salgs- og driftsinntekt;Inntekt fra bevilgninger;Inntekt fra bevilgninger;Inntekt;Statlig Bevilgning;20.56;-20.56;FC_Q4_2026
202610;2026-10-31;Oktober;Q4;1100;Handelshøyskolen ved UiA;HHU;3400;Tilskudd fra NFR/EU (BOA);Salgs- og driftsinntekt;Inntekt fra tilskudd og overføringer;Tilskudd og overforinger;Inntekt;Forskning (BOA);2.111;-2.111;FC_Q4_2026
202610;2026-10-31;Oktober;Q4;1100;Handelshøyskolen ved UiA;HHU;3670;Salgs- og oppdragsinntekt;Salgs- og driftsinntekt;Leieinntekt og annen driftsinntekt;Andre driftsinntekter;Inntekt;Andre Inntekter;0.667;-0.667;FC_Q4_2026
202610;2026-10-31;Oktober;Q4;1100;Handelshøyskolen ved UiA;HHU;5000;Lønn og sosiale kostnader;Lønnskostnad;Lønn fast ansatte;Lonnskostnader;Kostnad;Lønnskostnader;15.013;15.013;FC_Q4_2026
202610;2026-10-31;Oktober;Q4;1100;Handelshøyskolen ved UiA;HHU;6300;Andre driftskostnader;Annen driftskostnad;Kostnader lokaler;Andre driftskostnader;Kostnad;Driftskostnader;5.985;5.985;FC_Q4_2026
202610;2026-10-31;Oktober;Q4;1100;Handelshøyskolen ved UiA;HHU;6050;Investeringer og avskrivninger;Annen driftskostnad;Av- og nedskrivning;Av- og nedskrivninger;Kostnad;Investeringer (Capex);3.04;3.04;FC_Q4_2026
202610;2026-10-31;Oktober;Q4;1200;Fakultet for teknologi og realfag;TEK;3900;Inntekt fra bevilgninger;Salgs- og driftsinntekt;Inntekt fra bevilgninger;Inntekt fra bevilgninger;Inntekt;Statlig Bevilgning;27.758;-27.758;FC_Q4_2026
202610;2026-10-31;Oktober;Q4;1200;Fakultet for teknologi og realfag;TEK;3400;Tilskudd fra NFR/EU (BOA);Salgs- og driftsinntekt;Inntekt fra tilskudd og overføringer;Tilskudd og overforinger;Inntekt;Forskning (BOA);4.605;-4.605;FC_Q4_2026
202610;2026-10-31;Oktober;Q4;1200;Fakultet for teknologi og realfag;TEK;3670;Salgs- og oppdragsinntekt;Salgs- og driftsinntekt;Leieinntekt og annen driftsinntekt;Andre driftsinntekter;Inntekt;Andre Inntekter;1.676;-1.676;FC_Q4_2026
202610;2026-10-31;Oktober;Q4;1200;Fakultet for teknologi og realfag;TEK;5000;Lønn og sosiale kostnader;Lønnskostnad;Lønn fast ansatte;Lonnskostnader;Kostnad;Lønnskostnader;21.332;21.332;FC_Q4_2026
202610;2026-10-31;Oktober;Q4;1200;Fakultet for teknologi og realfag;TEK;6300;Andre driftskostnader;Annen driftskostnad;Kostnader lokaler;Andre driftskostnader;Kostnad;Driftskostnader;8.505;8.505;FC_Q4_2026
202610;2026-10-31;Oktober;Q4;1200;Fakultet for teknologi og realfag;TEK;6050;Investeringer og avskrivninger;Annen driftskostnad;Av- og nedskrivning;Av- og nedskrivninger;Kostnad;Investeringer (Capex);5.6;5.6;FC_Q4_2026
202610;2026-10-31;Oktober;Q4;1300;Fakultet for helse- og idrettsvitenskap;HEL;3900;Inntekt fra bevilgninger;Salgs- og driftsinntekt;Inntekt fra bevilgninger;Inntekt fra bevilgninger;Inntekt;Statlig Bevilgning;23.642;-23.642;FC_Q4_2026
202610;2026-10-31;Oktober;Q4;1300;Fakultet for helse- og idrettsvitenskap;HEL;3400;Tilskudd fra NFR/EU (BOA);Salgs- og driftsinntekt;Inntekt fra tilskudd og overføringer;Tilskudd og overforinger;Inntekt;Forskning (BOA);2.398;-2.398;FC_Q4_2026
202610;2026-10-31;Oktober;Q4;1300;Fakultet for helse- og idrettsvitenskap;HEL;3670;Salgs- og oppdragsinntekt;Salgs- og driftsinntekt;Leieinntekt og annen driftsinntekt;Andre driftsinntekter;Inntekt;Andre Inntekter;1.266;-1.266;FC_Q4_2026
202610;2026-10-31;Oktober;Q4;1300;Fakultet for helse- og idrettsvitenskap;HEL;5000;Lønn og sosiale kostnader;Lønnskostnad;Lønn fast ansatte;Lonnskostnader;Kostnad;Lønnskostnader;18.168;18.168;FC_Q4_2026
202610;2026-10-31;Oktober;Q4;1300;Fakultet for helse- og idrettsvitenskap;HEL;6300;Andre driftskostnader;Annen driftskostnad;Kostnader lokaler;Andre driftskostnader;Kostnad;Driftskostnader;7.245;7.245;FC_Q4_2026
202610;2026-10-31;Oktober;Q4;1300;Fakultet for helse- og idrettsvitenskap;HEL;6050;Investeringer og avskrivninger;Annen driftskostnad;Av- og nedskrivning;Av- og nedskrivninger;Kostnad;Investeringer (Capex);3.36;3.36;FC_Q4_2026
202610;2026-10-31;Oktober;Q4;1400;Fakultet for samfunnsvitenskap;SAM;3900;Inntekt fra bevilgninger;Salgs- og driftsinntekt;Inntekt fra bevilgninger;Inntekt fra bevilgninger;Inntekt;Statlig Bevilgning;13.362;-13.362;FC_Q4_2026
202610;2026-10-31;Oktober;Q4;1400;Fakultet for samfunnsvitenskap;SAM;3400;Tilskudd fra NFR/EU (BOA);Salgs- og driftsinntekt;Inntekt fra tilskudd og overføringer;Tilskudd og overforinger;Inntekt;Forskning (BOA);1.439;-1.439;FC_Q4_2026
202610;2026-10-31;Oktober;Q4;1400;Fakultet for samfunnsvitenskap;SAM;3670;Salgs- og oppdragsinntekt;Salgs- og driftsinntekt;Leieinntekt og annen driftsinntekt;Andre driftsinntekter;Inntekt;Andre Inntekter;0.761;-0.761;FC_Q4_2026
202610;2026-10-31;Oktober;Q4;1400;Fakultet for samfunnsvitenskap;SAM;5000;Lønn og sosiale kostnader;Lønnskostnad;Lønn fast ansatte;Lonnskostnader;Kostnad;Lønnskostnader;10.268;10.268;FC_Q4_2026
202610;2026-10-31;Oktober;Q4;1400;Fakultet for samfunnsvitenskap;SAM;6300;Andre driftskostnader;Annen driftskostnad;Kostnader lokaler;Andre driftskostnader;Kostnad;Driftskostnader;4.095;4.095;FC_Q4_2026
202610;2026-10-31;Oktober;Q4;1400;Fakultet for samfunnsvitenskap;SAM;6050;Investeringer og avskrivninger;Annen driftskostnad;Av- og nedskrivning;Av- og nedskrivninger;Kostnad;Investeringer (Capex);1.44;1.44;FC_Q4_2026
202610;2026-10-31;Oktober;Q4;1500;Fakultet for humaniora og pedagogikk;HUM;3900;Inntekt fra bevilgninger;Salgs- og driftsinntekt;Inntekt fra bevilgninger;Inntekt fra bevilgninger;Inntekt;Statlig Bevilgning;10.28;-10.28;FC_Q4_2026
202610;2026-10-31;Oktober;Q4;1500;Fakultet for humaniora og pedagogikk;HUM;3400;Tilskudd fra NFR/EU (BOA);Salgs- og driftsinntekt;Inntekt fra tilskudd og overføringer;Tilskudd og overforinger;Inntekt;Forskning (BOA);0.959;-0.959;FC_Q4_2026
202610;2026-10-31;Oktober;Q4;1500;Fakultet for humaniora og pedagogikk;HUM;3670;Salgs- og oppdragsinntekt;Salgs- og driftsinntekt;Leieinntekt og annen driftsinntekt;Andre driftsinntekter;Inntekt;Andre Inntekter;0.505;-0.505;FC_Q4_2026
202610;2026-10-31;Oktober;Q4;1500;Fakultet for humaniora og pedagogikk;HUM;5000;Lønn og sosiale kostnader;Lønnskostnad;Lønn fast ansatte;Lonnskostnader;Kostnad;Lønnskostnader;7.9;7.9;FC_Q4_2026
202610;2026-10-31;Oktober;Q4;1500;Fakultet for humaniora og pedagogikk;HUM;6300;Andre driftskostnader;Annen driftskostnad;Kostnader lokaler;Andre driftskostnader;Kostnad;Driftskostnader;3.15;3.15;FC_Q4_2026
202610;2026-10-31;Oktober;Q4;1500;Fakultet for humaniora og pedagogikk;HUM;6050;Investeringer og avskrivninger;Annen driftskostnad;Av- og nedskrivning;Av- og nedskrivninger;Kostnad;Investeringer (Capex);1.12;1.12;FC_Q4_2026
202610;2026-10-31;Oktober;Q4;1900;Fellesadministrasjon & Fellesdrift;ADM;3900;Inntekt fra bevilgninger;Salgs- og driftsinntekt;Inntekt fra bevilgninger;Inntekt fra bevilgninger;Inntekt;Statlig Bevilgning;7.198;-7.198;FC_Q4_2026
202610;2026-10-31;Oktober;Q4;1900;Fellesadministrasjon & Fellesdrift;ADM;3400;Tilskudd fra NFR/EU (BOA);Salgs- og driftsinntekt;Inntekt fra tilskudd og overføringer;Tilskudd og overforinger;Inntekt;Forskning (BOA);0.288;-0.288;FC_Q4_2026
202610;2026-10-31;Oktober;Q4;1900;Fellesadministrasjon & Fellesdrift;ADM;3670;Salgs- og oppdragsinntekt;Salgs- og driftsinntekt;Leieinntekt og annen driftsinntekt;Andre driftsinntekter;Inntekt;Andre Inntekter;1.625;-1.625;FC_Q4_2026
202610;2026-10-31;Oktober;Q4;1900;Fellesadministrasjon & Fellesdrift;ADM;5000;Lønn og sosiale kostnader;Lønnskostnad;Lønn fast ansatte;Lonnskostnader;Kostnad;Lønnskostnader;6.318;6.318;FC_Q4_2026
202610;2026-10-31;Oktober;Q4;1900;Fellesadministrasjon & Fellesdrift;ADM;6300;Andre driftskostnader;Annen driftskostnad;Kostnader lokaler;Andre driftskostnader;Kostnad;Driftskostnader;2.52;2.52;FC_Q4_2026
202610;2026-10-31;Oktober;Q4;1900;Fellesadministrasjon & Fellesdrift;ADM;6050;Investeringer og avskrivninger;Annen driftskostnad;Av- og nedskrivning;Av- og nedskrivninger;Kostnad;Investeringer (Capex);1.44;1.44;FC_Q4_2026
202611;2026-11-30;November;Q4;1100;Handelshøyskolen ved UiA;HHU;3900;Inntekt fra bevilgninger;Salgs- og driftsinntekt;Inntekt fra bevilgninger;Inntekt fra bevilgninger;Inntekt;Statlig Bevilgning;20.56;-20.56;FC_Q4_2026
202611;2026-11-30;November;Q4;1100;Handelshøyskolen ved UiA;HHU;3400;Tilskudd fra NFR/EU (BOA);Salgs- og driftsinntekt;Inntekt fra tilskudd og overføringer;Tilskudd og overforinger;Inntekt;Forskning (BOA);2.075;-2.075;FC_Q4_2026
202611;2026-11-30;November;Q4;1100;Handelshøyskolen ved UiA;HHU;3670;Salgs- og oppdragsinntekt;Salgs- og driftsinntekt;Leieinntekt og annen driftsinntekt;Andre driftsinntekter;Inntekt;Andre Inntekter;0.616;-0.616;FC_Q4_2026
202611;2026-11-30;November;Q4;1100;Handelshøyskolen ved UiA;HHU;5000;Lønn og sosiale kostnader;Lønnskostnad;Lønn fast ansatte;Lonnskostnader;Kostnad;Lønnskostnader;14.918;14.918;FC_Q4_2026
202611;2026-11-30;November;Q4;1100;Handelshøyskolen ved UiA;HHU;6300;Andre driftskostnader;Annen driftskostnad;Kostnader lokaler;Andre driftskostnader;Kostnad;Driftskostnader;5.89;5.89;FC_Q4_2026
202611;2026-11-30;November;Q4;1100;Handelshøyskolen ved UiA;HHU;6050;Investeringer og avskrivninger;Annen driftskostnad;Av- og nedskrivning;Av- og nedskrivninger;Kostnad;Investeringer (Capex);3.04;3.04;FC_Q4_2026
202611;2026-11-30;November;Q4;1200;Fakultet for teknologi og realfag;TEK;3900;Inntekt fra bevilgninger;Salgs- og driftsinntekt;Inntekt fra bevilgninger;Inntekt fra bevilgninger;Inntekt;Statlig Bevilgning;27.758;-27.758;FC_Q4_2026
202611;2026-11-30;November;Q4;1200;Fakultet for teknologi og realfag;TEK;3400;Tilskudd fra NFR/EU (BOA);Salgs- og driftsinntekt;Inntekt fra tilskudd og overføringer;Tilskudd og overforinger;Inntekt;Forskning (BOA);4.527;-4.527;FC_Q4_2026
202611;2026-11-30;November;Q4;1200;Fakultet for teknologi og realfag;TEK;3670;Salgs- og oppdragsinntekt;Salgs- og driftsinntekt;Leieinntekt og annen driftsinntekt;Andre driftsinntekter;Inntekt;Andre Inntekter;1.547;-1.547;FC_Q4_2026
202611;2026-11-30;November;Q4;1200;Fakultet for teknologi og realfag;TEK;5000;Lønn og sosiale kostnader;Lønnskostnad;Lønn fast ansatte;Lonnskostnader;Kostnad;Lønnskostnader;21.197;21.197;FC_Q4_2026
202611;2026-11-30;November;Q4;1200;Fakultet for teknologi og realfag;TEK;6300;Andre driftskostnader;Annen driftskostnad;Kostnader lokaler;Andre driftskostnader;Kostnad;Driftskostnader;8.37;8.37;FC_Q4_2026
202611;2026-11-30;November;Q4;1200;Fakultet for teknologi og realfag;TEK;6050;Investeringer og avskrivninger;Annen driftskostnad;Av- og nedskrivning;Av- og nedskrivninger;Kostnad;Investeringer (Capex);5.6;5.6;FC_Q4_2026
202611;2026-11-30;November;Q4;1300;Fakultet for helse- og idrettsvitenskap;HEL;3900;Inntekt fra bevilgninger;Salgs- og driftsinntekt;Inntekt fra bevilgninger;Inntekt fra bevilgninger;Inntekt;Statlig Bevilgning;23.642;-23.642;FC_Q4_2026
202611;2026-11-30;November;Q4;1300;Fakultet for helse- og idrettsvitenskap;HEL;3400;Tilskudd fra NFR/EU (BOA);Salgs- og driftsinntekt;Inntekt fra tilskudd og overføringer;Tilskudd og overforinger;Inntekt;Forskning (BOA);2.358;-2.358;FC_Q4_2026
202611;2026-11-30;November;Q4;1300;Fakultet for helse- og idrettsvitenskap;HEL;3670;Salgs- og oppdragsinntekt;Salgs- og driftsinntekt;Leieinntekt og annen driftsinntekt;Andre driftsinntekter;Inntekt;Andre Inntekter;1.168;-1.168;FC_Q4_2026
202611;2026-11-30;November;Q4;1300;Fakultet for helse- og idrettsvitenskap;HEL;5000;Lønn og sosiale kostnader;Lønnskostnad;Lønn fast ansatte;Lonnskostnader;Kostnad;Lønnskostnader;18.053;18.053;FC_Q4_2026
202611;2026-11-30;November;Q4;1300;Fakultet for helse- og idrettsvitenskap;HEL;6300;Andre driftskostnader;Annen driftskostnad;Kostnader lokaler;Andre driftskostnader;Kostnad;Driftskostnader;7.13;7.13;FC_Q4_2026
202611;2026-11-30;November;Q4;1300;Fakultet for helse- og idrettsvitenskap;HEL;6050;Investeringer og avskrivninger;Annen driftskostnad;Av- og nedskrivning;Av- og nedskrivninger;Kostnad;Investeringer (Capex);3.36;3.36;FC_Q4_2026
202611;2026-11-30;November;Q4;1400;Fakultet for samfunnsvitenskap;SAM;3900;Inntekt fra bevilgninger;Salgs- og driftsinntekt;Inntekt fra bevilgninger;Inntekt fra bevilgninger;Inntekt;Statlig Bevilgning;13.362;-13.362;FC_Q4_2026
202611;2026-11-30;November;Q4;1400;Fakultet for samfunnsvitenskap;SAM;3400;Tilskudd fra NFR/EU (BOA);Salgs- og driftsinntekt;Inntekt fra tilskudd og overføringer;Tilskudd og overforinger;Inntekt;Forskning (BOA);1.415;-1.415;FC_Q4_2026
202611;2026-11-30;November;Q4;1400;Fakultet for samfunnsvitenskap;SAM;3670;Salgs- og oppdragsinntekt;Salgs- og driftsinntekt;Leieinntekt og annen driftsinntekt;Andre driftsinntekter;Inntekt;Andre Inntekter;0.703;-0.703;FC_Q4_2026
202611;2026-11-30;November;Q4;1400;Fakultet for samfunnsvitenskap;SAM;5000;Lønn og sosiale kostnader;Lønnskostnad;Lønn fast ansatte;Lonnskostnader;Kostnad;Lønnskostnader;10.203;10.203;FC_Q4_2026
202611;2026-11-30;November;Q4;1400;Fakultet for samfunnsvitenskap;SAM;6300;Andre driftskostnader;Annen driftskostnad;Kostnader lokaler;Andre driftskostnader;Kostnad;Driftskostnader;4.03;4.03;FC_Q4_2026
202611;2026-11-30;November;Q4;1400;Fakultet for samfunnsvitenskap;SAM;6050;Investeringer og avskrivninger;Annen driftskostnad;Av- og nedskrivning;Av- og nedskrivninger;Kostnad;Investeringer (Capex);1.44;1.44;FC_Q4_2026
202611;2026-11-30;November;Q4;1500;Fakultet for humaniora og pedagogikk;HUM;3900;Inntekt fra bevilgninger;Salgs- og driftsinntekt;Inntekt fra bevilgninger;Inntekt fra bevilgninger;Inntekt;Statlig Bevilgning;10.28;-10.28;FC_Q4_2026
202611;2026-11-30;November;Q4;1500;Fakultet for humaniora og pedagogikk;HUM;3400;Tilskudd fra NFR/EU (BOA);Salgs- og driftsinntekt;Inntekt fra tilskudd og overføringer;Tilskudd og overforinger;Inntekt;Forskning (BOA);0.943;-0.943;FC_Q4_2026
202611;2026-11-30;November;Q4;1500;Fakultet for humaniora og pedagogikk;HUM;3670;Salgs- og oppdragsinntekt;Salgs- og driftsinntekt;Leieinntekt og annen driftsinntekt;Andre driftsinntekter;Inntekt;Andre Inntekter;0.466;-0.466;FC_Q4_2026
202611;2026-11-30;November;Q4;1500;Fakultet for humaniora og pedagogikk;HUM;5000;Lønn og sosiale kostnader;Lønnskostnad;Lønn fast ansatte;Lonnskostnader;Kostnad;Lønnskostnader;7.85;7.85;FC_Q4_2026
202611;2026-11-30;November;Q4;1500;Fakultet for humaniora og pedagogikk;HUM;6300;Andre driftskostnader;Annen driftskostnad;Kostnader lokaler;Andre driftskostnader;Kostnad;Driftskostnader;3.1;3.1;FC_Q4_2026
202611;2026-11-30;November;Q4;1500;Fakultet for humaniora og pedagogikk;HUM;6050;Investeringer og avskrivninger;Annen driftskostnad;Av- og nedskrivning;Av- og nedskrivninger;Kostnad;Investeringer (Capex);1.12;1.12;FC_Q4_2026
202611;2026-11-30;November;Q4;1900;Fellesadministrasjon & Fellesdrift;ADM;3900;Inntekt fra bevilgninger;Salgs- og driftsinntekt;Inntekt fra bevilgninger;Inntekt fra bevilgninger;Inntekt;Statlig Bevilgning;7.198;-7.198;FC_Q4_2026
202611;2026-11-30;November;Q4;1900;Fellesadministrasjon & Fellesdrift;ADM;3400;Tilskudd fra NFR/EU (BOA);Salgs- og driftsinntekt;Inntekt fra tilskudd og overføringer;Tilskudd og overforinger;Inntekt;Forskning (BOA);0.283;-0.283;FC_Q4_2026
202611;2026-11-30;November;Q4;1900;Fellesadministrasjon & Fellesdrift;ADM;3670;Salgs- og oppdragsinntekt;Salgs- og driftsinntekt;Leieinntekt og annen driftsinntekt;Andre driftsinntekter;Inntekt;Andre Inntekter;1.5;-1.5;FC_Q4_2026
202611;2026-11-30;November;Q4;1900;Fellesadministrasjon & Fellesdrift;ADM;5000;Lønn og sosiale kostnader;Lønnskostnad;Lønn fast ansatte;Lonnskostnader;Kostnad;Lønnskostnader;6.278;6.278;FC_Q4_2026
202611;2026-11-30;November;Q4;1900;Fellesadministrasjon & Fellesdrift;ADM;6300;Andre driftskostnader;Annen driftskostnad;Kostnader lokaler;Andre driftskostnader;Kostnad;Driftskostnader;2.48;2.48;FC_Q4_2026
202611;2026-11-30;November;Q4;1900;Fellesadministrasjon & Fellesdrift;ADM;6050;Investeringer og avskrivninger;Annen driftskostnad;Av- og nedskrivning;Av- og nedskrivninger;Kostnad;Investeringer (Capex);1.44;1.44;FC_Q4_2026
202612;2026-12-31;Desember;Q4;1100;Handelshøyskolen ved UiA;HHU;3900;Inntekt fra bevilgninger;Salgs- og driftsinntekt;Inntekt fra bevilgninger;Inntekt fra bevilgninger;Inntekt;Statlig Bevilgning;20.58;-20.58;FC_Q4_2026
202612;2026-12-31;Desember;Q4;1100;Handelshøyskolen ved UiA;HHU;3400;Tilskudd fra NFR/EU (BOA);Salgs- og driftsinntekt;Inntekt fra tilskudd og overføringer;Tilskudd og overforinger;Inntekt;Forskning (BOA);2.003;-2.003;FC_Q4_2026
202612;2026-12-31;Desember;Q4;1100;Handelshøyskolen ved UiA;HHU;3670;Salgs- og oppdragsinntekt;Salgs- og driftsinntekt;Leieinntekt og annen driftsinntekt;Andre driftsinntekter;Inntekt;Andre Inntekter;0.544;-0.544;FC_Q4_2026
202612;2026-12-31;Desember;Q4;1100;Handelshøyskolen ved UiA;HHU;5000;Lønn og sosiale kostnader;Lønnskostnad;Lønn fast ansatte;Lonnskostnader;Kostnad;Lønnskostnader;12.163;12.163;FC_Q4_2026
202612;2026-12-31;Desember;Q4;1100;Handelshøyskolen ved UiA;HHU;6300;Andre driftskostnader;Annen driftskostnad;Kostnader lokaler;Andre driftskostnader;Kostnad;Driftskostnader;4.37;4.37;FC_Q4_2026
202612;2026-12-31;Desember;Q4;1100;Handelshøyskolen ved UiA;HHU;6050;Investeringer og avskrivninger;Annen driftskostnad;Av- og nedskrivning;Av- og nedskrivninger;Kostnad;Investeringer (Capex);2.47;2.47;FC_Q4_2026
202612;2026-12-31;Desember;Q4;1200;Fakultet for teknologi og realfag;TEK;3900;Inntekt fra bevilgninger;Salgs- og driftsinntekt;Inntekt fra bevilgninger;Inntekt fra bevilgninger;Inntekt;Statlig Bevilgning;27.785;-27.785;FC_Q4_2026
202612;2026-12-31;Desember;Q4;1200;Fakultet for teknologi og realfag;TEK;3400;Tilskudd fra NFR/EU (BOA);Salgs- og driftsinntekt;Inntekt fra tilskudd og overføringer;Tilskudd og overforinger;Inntekt;Forskning (BOA);4.371;-4.371;FC_Q4_2026
202612;2026-12-31;Desember;Q4;1200;Fakultet for teknologi og realfag;TEK;3670;Salgs- og oppdragsinntekt;Salgs- og driftsinntekt;Leieinntekt og annen driftsinntekt;Andre driftsinntekter;Inntekt;Andre Inntekter;1.367;-1.367;FC_Q4_2026
202612;2026-12-31;Desember;Q4;1200;Fakultet for teknologi og realfag;TEK;5000;Lønn og sosiale kostnader;Lønnskostnad;Lønn fast ansatte;Lonnskostnader;Kostnad;Lønnskostnader;17.281;17.281;FC_Q4_2026
202612;2026-12-31;Desember;Q4;1200;Fakultet for teknologi og realfag;TEK;6300;Andre driftskostnader;Annen driftskostnad;Kostnader lokaler;Andre driftskostnader;Kostnad;Driftskostnader;6.21;6.21;FC_Q4_2026
202612;2026-12-31;Desember;Q4;1200;Fakultet for teknologi og realfag;TEK;6050;Investeringer og avskrivninger;Annen driftskostnad;Av- og nedskrivning;Av- og nedskrivninger;Kostnad;Investeringer (Capex);4.55;4.55;FC_Q4_2026
202612;2026-12-31;Desember;Q4;1300;Fakultet for helse- og idrettsvitenskap;HEL;3900;Inntekt fra bevilgninger;Salgs- og driftsinntekt;Inntekt fra bevilgninger;Inntekt fra bevilgninger;Inntekt;Statlig Bevilgning;23.665;-23.665;FC_Q4_2026
202612;2026-12-31;Desember;Q4;1300;Fakultet for helse- og idrettsvitenskap;HEL;3400;Tilskudd fra NFR/EU (BOA);Salgs- og driftsinntekt;Inntekt fra tilskudd og overføringer;Tilskudd og overforinger;Inntekt;Forskning (BOA);2.276;-2.276;FC_Q4_2026
202612;2026-12-31;Desember;Q4;1300;Fakultet for helse- og idrettsvitenskap;HEL;3670;Salgs- og oppdragsinntekt;Salgs- og driftsinntekt;Leieinntekt og annen driftsinntekt;Andre driftsinntekter;Inntekt;Andre Inntekter;1.032;-1.032;FC_Q4_2026
202612;2026-12-31;Desember;Q4;1300;Fakultet for helse- og idrettsvitenskap;HEL;5000;Lønn og sosiale kostnader;Lønnskostnad;Lønn fast ansatte;Lonnskostnader;Kostnad;Lønnskostnader;14.719;14.719;FC_Q4_2026
202612;2026-12-31;Desember;Q4;1300;Fakultet for helse- og idrettsvitenskap;HEL;6300;Andre driftskostnader;Annen driftskostnad;Kostnader lokaler;Andre driftskostnader;Kostnad;Driftskostnader;5.29;5.29;FC_Q4_2026
202612;2026-12-31;Desember;Q4;1300;Fakultet for helse- og idrettsvitenskap;HEL;6050;Investeringer og avskrivninger;Annen driftskostnad;Av- og nedskrivning;Av- og nedskrivninger;Kostnad;Investeringer (Capex);2.73;2.73;FC_Q4_2026
202612;2026-12-31;Desember;Q4;1400;Fakultet for samfunnsvitenskap;SAM;3900;Inntekt fra bevilgninger;Salgs- og driftsinntekt;Inntekt fra bevilgninger;Inntekt fra bevilgninger;Inntekt;Statlig Bevilgning;13.375;-13.375;FC_Q4_2026
202612;2026-12-31;Desember;Q4;1400;Fakultet for samfunnsvitenskap;SAM;3400;Tilskudd fra NFR/EU (BOA);Salgs- og driftsinntekt;Inntekt fra tilskudd og overføringer;Tilskudd og overforinger;Inntekt;Forskning (BOA);1.366;-1.366;FC_Q4_2026
202612;2026-12-31;Desember;Q4;1400;Fakultet for samfunnsvitenskap;SAM;3670;Salgs- og oppdragsinntekt;Salgs- og driftsinntekt;Leieinntekt og annen driftsinntekt;Andre driftsinntekter;Inntekt;Andre Inntekter;0.621;-0.621;FC_Q4_2026
202612;2026-12-31;Desember;Q4;1400;Fakultet for samfunnsvitenskap;SAM;5000;Lønn og sosiale kostnader;Lønnskostnad;Lønn fast ansatte;Lonnskostnader;Kostnad;Lønnskostnader;8.319;8.319;FC_Q4_2026
202612;2026-12-31;Desember;Q4;1400;Fakultet for samfunnsvitenskap;SAM;6300;Andre driftskostnader;Annen driftskostnad;Kostnader lokaler;Andre driftskostnader;Kostnad;Driftskostnader;2.99;2.99;FC_Q4_2026
202612;2026-12-31;Desember;Q4;1400;Fakultet for samfunnsvitenskap;SAM;6050;Investeringer og avskrivninger;Annen driftskostnad;Av- og nedskrivning;Av- og nedskrivninger;Kostnad;Investeringer (Capex);1.17;1.17;FC_Q4_2026
202612;2026-12-31;Desember;Q4;1500;Fakultet for humaniora og pedagogikk;HUM;3900;Inntekt fra bevilgninger;Salgs- og driftsinntekt;Inntekt fra bevilgninger;Inntekt fra bevilgninger;Inntekt;Statlig Bevilgning;10.29;-10.29;FC_Q4_2026
202612;2026-12-31;Desember;Q4;1500;Fakultet for humaniora og pedagogikk;HUM;3400;Tilskudd fra NFR/EU (BOA);Salgs- og driftsinntekt;Inntekt fra tilskudd og overføringer;Tilskudd og overforinger;Inntekt;Forskning (BOA);0.911;-0.911;FC_Q4_2026
202612;2026-12-31;Desember;Q4;1500;Fakultet for humaniora og pedagogikk;HUM;3670;Salgs- og oppdragsinntekt;Salgs- og driftsinntekt;Leieinntekt og annen driftsinntekt;Andre driftsinntekter;Inntekt;Andre Inntekter;0.411;-0.411;FC_Q4_2026
202612;2026-12-31;Desember;Q4;1500;Fakultet for humaniora og pedagogikk;HUM;5000;Lønn og sosiale kostnader;Lønnskostnad;Lønn fast ansatte;Lonnskostnader;Kostnad;Lønnskostnader;6.4;6.4;FC_Q4_2026
202612;2026-12-31;Desember;Q4;1500;Fakultet for humaniora og pedagogikk;HUM;6300;Andre driftskostnader;Annen driftskostnad;Kostnader lokaler;Andre driftskostnader;Kostnad;Driftskostnader;2.3;2.3;FC_Q4_2026
202612;2026-12-31;Desember;Q4;1500;Fakultet for humaniora og pedagogikk;HUM;6050;Investeringer og avskrivninger;Annen driftskostnad;Av- og nedskrivning;Av- og nedskrivninger;Kostnad;Investeringer (Capex);0.91;0.91;FC_Q4_2026
202612;2026-12-31;Desember;Q4;1900;Fellesadministrasjon & Fellesdrift;ADM;3900;Inntekt fra bevilgninger;Salgs- og driftsinntekt;Inntekt fra bevilgninger;Inntekt fra bevilgninger;Inntekt;Statlig Bevilgning;7.205;-7.205;FC_Q4_2026
202612;2026-12-31;Desember;Q4;1900;Fellesadministrasjon & Fellesdrift;ADM;3400;Tilskudd fra NFR/EU (BOA);Salgs- og driftsinntekt;Inntekt fra tilskudd og overføringer;Tilskudd og overforinger;Inntekt;Forskning (BOA);0.273;-0.273;FC_Q4_2026
202612;2026-12-31;Desember;Q4;1900;Fellesadministrasjon & Fellesdrift;ADM;3670;Salgs- og oppdragsinntekt;Salgs- og driftsinntekt;Leieinntekt og annen driftsinntekt;Andre driftsinntekter;Inntekt;Andre Inntekter;1.325;-1.325;FC_Q4_2026
202612;2026-12-31;Desember;Q4;1900;Fellesadministrasjon & Fellesdrift;ADM;5000;Lønn og sosiale kostnader;Lønnskostnad;Lønn fast ansatte;Lonnskostnader;Kostnad;Lønnskostnader;5.119;5.119;FC_Q4_2026
202612;2026-12-31;Desember;Q4;1900;Fellesadministrasjon & Fellesdrift;ADM;6300;Andre driftskostnader;Annen driftskostnad;Kostnader lokaler;Andre driftskostnader;Kostnad;Driftskostnader;1.84;1.84;FC_Q4_2026
202612;2026-12-31;Desember;Q4;1900;Fellesadministrasjon & Fellesdrift;ADM;6050;Investeringer og avskrivninger;Annen driftskostnad;Av- og nedskrivning;Av- og nedskrivninger;Kostnad;Investeringer (Capex);1.17;1.17;FC_Q4_2026
