DatoNokkel;MaanedNavn;Kvartal;OrgKode;Enhet;PV;EV;AC;BAC;EAC;ETC;CPI;SPI;VAC;Cost_Variance_CV;Schedule_Variance_SV
202601;Januar;Q1;1000;UiA;121.0;111.0;114.5;1433.0;1444.0;1329.5;0.97;0.92;-11.0;-3.5;-10.0
202602;Februar;Q1;1000;UiA;243.0;223.0;229.0;1433.0;1444.0;1215.0;0.97;0.92;-11.0;-6.0;-20.0
202603;Mars;Q1;1000;UiA;371.0;341.0;350.0;1433.0;1444.0;1094.0;0.97;0.92;-11.0;-9.0;-30.0
202604;April;Q2;1000;UiA;498.0;458.0;469.5;1433.0;1444.0;974.5;0.98;0.92;-11.0;-11.5;-40.0
202605;Mai;Q2;1000;UiA;629.0;578.0;593.5;1433.0;1444.0;850.5;0.97;0.92;-11.0;-15.5;-51.0
202606;Juni;Q2;1000;UiA;774.0;711.0;758.5;1433.0;1444.0;685.5;0.94;0.92;-11.0;-47.5;-63.0
202607;Juli;Q3;1000;UiA;869.0;799.0;848.0;1433.0;1444.0;596.0;0.94;0.92;-11.0;-49.0;-70.0
202608;August;Q3;1000;UiA;992.0;912.0;966.0;1433.0;1444.0;478.0;0.94;0.92;-11.0;-54.0;-80.0
202609;September;Q3;1000;UiA;1124.0;1034.0;1092.0;1433.0;1444.0;352.0;0.95;0.92;-11.0;-58.0;-90.0
202610;Oktober;Q4;1000;UiA;1256.0;1155.5;1218.5;1433.0;1444.0;225.5;0.95;0.92;-11.0;-63.0;-100.5
202611;November;Q4;1000;UiA;1387.8;1276.8;1344.0;1433.0;1444.0;100.0;0.95;0.92;-11.0;-67.2;-111.0
202612;Desember;Q4;1000;UiA;1507.8;1344.0;1444.0;1433.0;1444.0;0.0;0.93;0.89;-11.0;-100.0;-163.8
