DatoNokkel;OrgKode;Aarsverk_UF;Aarsverk_TA;Aarsverk_Faktisk;Aarsverk_Budsjett;Antall_Ansatte;Ubesatte_Vakanser;Faglig_Andel_Pct;VersjonKode
202601;1100;155.0;75.0;230.0;234.0;252;4.0;67.4;ACTUAL_YTD_SEP2026
202601;1200;230.0;95.0;325.0;333.0;358;8.0;70.8;ACTUAL_YTD_SEP2026
202601;1300;195.0;80.0;275.0;280.0;301;5.0;70.9;ACTUAL_YTD_SEP2026
202601;1400;115.0;45.0;160.0;163.0;176;3.0;71.9;ACTUAL_YTD_SEP2026
202601;1500;95.0;35.0;130.0;132.0;142;2.0;73.1;ACTUAL_YTD_SEP2026
202601;1900;0.0;120.0;120.0;123.0;129;3.0;0.0;ACTUAL_YTD_SEP2026
202602;1100;155.0;75.0;230.0;234.0;252;4.0;67.4;ACTUAL_YTD_SEP2026
202602;1200;230.0;95.0;325.0;333.0;358;8.0;70.8;ACTUAL_YTD_SEP2026
202602;1300;195.0;80.0;275.0;280.0;301;5.0;70.9;ACTUAL_YTD_SEP2026
202602;1400;115.0;45.0;160.0;163.0;176;3.0;71.9;ACTUAL_YTD_SEP2026
202602;1500;95.0;35.0;130.0;132.0;142;2.0;73.1;ACTUAL_YTD_SEP2026
202602;1900;0.0;120.0;120.0;123.0;129;3.0;0.0;ACTUAL_YTD_SEP2026
202603;1100;155.0;75.0;230.0;234.0;252;4.0;67.4;ACTUAL_YTD_SEP2026
202603;1200;230.0;95.0;325.0;333.0;358;8.0;70.8;ACTUAL_YTD_SEP2026
202603;1300;195.0;80.0;275.0;280.0;301;5.0;70.9;ACTUAL_YTD_SEP2026
202603;1400;115.0;45.0;160.0;163.0;176;3.0;71.9;ACTUAL_YTD_SEP2026
202603;1500;95.0;35.0;130.0;132.0;142;2.0;73.1;ACTUAL_YTD_SEP2026
202603;1900;0.0;120.0;120.0;123.0;129;3.0;0.0;ACTUAL_YTD_SEP2026
202604;1100;155.0;75.0;230.0;234.0;252;4.0;67.4;ACTUAL_YTD_SEP2026
202604;1200;230.0;95.0;325.0;333.0;358;8.0;70.8;ACTUAL_YTD_SEP2026
202604;1300;195.0;80.0;275.0;280.0;301;5.0;70.9;ACTUAL_YTD_SEP2026
202604;1400;115.0;45.0;160.0;163.0;176;3.0;71.9;ACTUAL_YTD_SEP2026
202604;1500;95.0;35.0;130.0;132.0;142;2.0;73.1;ACTUAL_YTD_SEP2026
202604;1900;0.0;120.0;120.0;123.0;129;3.0;0.0;ACTUAL_YTD_SEP2026
202605;1100;155.0;75.0;230.0;234.0;252;4.0;67.4;ACTUAL_YTD_SEP2026
202605;1200;230.0;95.0;325.0;333.0;358;8.0;70.8;ACTUAL_YTD_SEP2026
202605;1300;195.0;80.0;275.0;280.0;301;5.0;70.9;ACTUAL_YTD_SEP2026
202605;1400;115.0;45.0;160.0;163.0;176;3.0;71.9;ACTUAL_YTD_SEP2026
202605;1500;95.0;35.0;130.0;132.0;142;2.0;73.1;ACTUAL_YTD_SEP2026
202605;1900;0.0;120.0;120.0;123.0;129;3.0;0.0;ACTUAL_YTD_SEP2026
202606;1100;155.0;75.0;230.0;234.0;252;4.0;67.4;ACTUAL_YTD_SEP2026
202606;1200;230.0;95.0;325.0;333.0;358;8.0;70.8;ACTUAL_YTD_SEP2026
202606;1300;195.0;80.0;275.0;280.0;301;5.0;70.9;ACTUAL_YTD_SEP2026
202606;1400;115.0;45.0;160.0;163.0;176;3.0;71.9;ACTUAL_YTD_SEP2026
202606;1500;95.0;35.0;130.0;132.0;142;2.0;73.1;ACTUAL_YTD_SEP2026
202606;1900;0.0;120.0;120.0;123.0;129;3.0;0.0;ACTUAL_YTD_SEP2026
202607;1100;155.0;75.0;229.5;234.0;252;4.0;67.4;ACTUAL_YTD_SEP2026
202607;1200;230.0;95.0;324.5;333.0;358;8.0;70.8;ACTUAL_YTD_SEP2026
202607;1300;195.0;80.0;274.5;280.0;301;5.0;70.9;ACTUAL_YTD_SEP2026
202607;1400;115.0;45.0;159.5;163.0;176;3.0;71.9;ACTUAL_YTD_SEP2026
202607;1500;95.0;35.0;129.5;132.0;142;2.0;73.1;ACTUAL_YTD_SEP2026
202607;1900;0.0;120.0;119.5;123.0;129;3.0;0.0;ACTUAL_YTD_SEP2026
202608;1100;155.0;75.0;229.5;234.0;252;4.0;67.4;ACTUAL_YTD_SEP2026
202608;1200;230.0;95.0;324.5;333.0;358;8.0;70.8;ACTUAL_YTD_SEP2026
202608;1300;195.0;80.0;274.5;280.0;301;5.0;70.9;ACTUAL_YTD_SEP2026
202608;1400;115.0;45.0;159.5;163.0;176;3.0;71.9;ACTUAL_YTD_SEP2026
202608;1500;95.0;35.0;129.5;132.0;142;2.0;73.1;ACTUAL_YTD_SEP2026
202608;1900;0.0;120.0;119.5;123.0;129;3.0;0.0;ACTUAL_YTD_SEP2026
202609;1100;155.0;75.0;230.0;234.0;252;4.0;67.4;ACTUAL_YTD_SEP2026
202609;1200;230.0;95.0;325.0;333.0;358;8.0;70.8;ACTUAL_YTD_SEP2026
202609;1300;195.0;80.0;275.0;280.0;301;5.0;70.9;ACTUAL_YTD_SEP2026
202609;1400;115.0;45.0;160.0;163.0;176;3.0;71.9;ACTUAL_YTD_SEP2026
202609;1500;95.0;35.0;130.0;132.0;142;2.0;73.1;ACTUAL_YTD_SEP2026
202609;1900;0.0;120.0;120.0;123.0;129;3.0;0.0;ACTUAL_YTD_SEP2026
202610;1100;155.0;75.0;230.0;234.0;252;4.0;67.4;FC_Q4_2026
202610;1200;230.0;95.0;325.0;333.0;358;8.0;70.8;FC_Q4_2026
202610;1300;195.0;80.0;275.0;280.0;301;5.0;70.9;FC_Q4_2026
202610;1400;115.0;45.0;160.0;163.0;176;3.0;71.9;FC_Q4_2026
202610;1500;95.0;35.0;130.0;132.0;142;2.0;73.1;FC_Q4_2026
202610;1900;0.0;120.0;120.0;123.0;129;3.0;0.0;FC_Q4_2026
202611;1100;155.0;75.0;230.0;234.0;252;4.0;67.4;FC_Q4_2026
202611;1200;230.0;95.0;325.0;333.0;358;8.0;70.8;FC_Q4_2026
202611;1300;195.0;80.0;275.0;280.0;301;5.0;70.9;FC_Q4_2026
202611;1400;115.0;45.0;160.0;163.0;176;3.0;71.9;FC_Q4_2026
202611;1500;95.0;35.0;130.0;132.0;142;2.0;73.1;FC_Q4_2026
202611;1900;0.0;120.0;120.0;123.0;129;3.0;0.0;FC_Q4_2026
202612;1100;155.0;75.0;230.0;234.0;252;4.0;67.4;FC_Q4_2026
202612;1200;230.0;95.0;325.0;333.0;358;8.0;70.8;FC_Q4_2026
202612;1300;195.0;80.0;275.0;280.0;301;5.0;70.9;FC_Q4_2026
202612;1400;115.0;45.0;160.0;163.0;176;3.0;71.9;FC_Q4_2026
202612;1500;95.0;35.0;130.0;132.0;142;2.0;73.1;FC_Q4_2026
202612;1900;0.0;120.0;120.0;123.0;129;3.0;0.0;FC_Q4_2026
