DatoNokkel;Aar;OrgKode;OrgNavn;Stillingstype;StillingsgruppeNavn;Aarsverk;AntallAnsatte;Vakanser;SnittLonnNOK;VersjonKode
20270101;2027;1110;Institutt for ledelse og innovasjon;UF;Vitenskapelig ansatt;55.0;76;3.5;920000;PROG2027
20270101;2027;1110;Institutt for ledelse og innovasjon;TA;Teknisk-administrativ;15.0;76;1.5;680000;PROG2027
20270101;2027;1120;Institutt for rettsvitenskap;UF;Vitenskapelig ansatt;40.0;55;3.5;920000;PROG2027
20270101;2027;1120;Institutt for rettsvitenskap;TA;Teknisk-administrativ;10.0;55;1.5;680000;PROG2027
20270101;2027;1130;Institutt for økonomi;UF;Vitenskapelig ansatt;60.0;82;3.5;920000;PROG2027
20270101;2027;1130;Institutt for økonomi;TA;Teknisk-administrativ;15.0;82;1.5;680000;PROG2027
20270101;2027;1140;HHU Fakultetsadministrasjon;TA;Teknisk-administrativ;35.0;39;1.5;680000;PROG2027
20270101;2027;1200;Fakultet for teknologi og realfag (TEK);UF;Vitenskapelig ansatt;230.0;358;4.0;910000;PROG2027
20270101;2027;1200;Fakultet for teknologi og realfag (TEK);TA;Teknisk-administrativ;95.0;358;2.0;670000;PROG2027
20270101;2027;1300;Fakultet for helse- og idrettsvitenskap (HEL);UF;Vitenskapelig ansatt;195.0;301;4.0;910000;PROG2027
20270101;2027;1300;Fakultet for helse- og idrettsvitenskap (HEL);TA;Teknisk-administrativ;80.0;301;2.0;670000;PROG2027
20270101;2027;1400;Fakultet for samfunnsvitenskap (SAM);UF;Vitenskapelig ansatt;115.0;176;4.0;910000;PROG2027
20270101;2027;1400;Fakultet for samfunnsvitenskap (SAM);TA;Teknisk-administrativ;45.0;176;2.0;670000;PROG2027
20270101;2027;1500;Fakultet for humaniora og pedagogikk (HUM);UF;Vitenskapelig ansatt;95.0;142;4.0;910000;PROG2027
20270101;2027;1500;Fakultet for humaniora og pedagogikk (HUM);TA;Teknisk-administrativ;35.0;142;2.0;670000;PROG2027
20270101;2027;1600;Fellesadministrasjon & Fellesdrift (ADM);TA;Teknisk-administrativ;120.0;129;2.0;670000;PROG2027
20270201;2027;1110;Institutt for ledelse og innovasjon;UF;Vitenskapelig ansatt;55.0;76;3.5;920000;PROG2027
20270201;2027;1110;Institutt for ledelse og innovasjon;TA;Teknisk-administrativ;15.0;76;1.5;680000;PROG2027
20270201;2027;1120;Institutt for rettsvitenskap;UF;Vitenskapelig ansatt;40.0;55;3.5;920000;PROG2027
20270201;2027;1120;Institutt for rettsvitenskap;TA;Teknisk-administrativ;10.0;55;1.5;680000;PROG2027
20270201;2027;1130;Institutt for økonomi;UF;Vitenskapelig ansatt;60.0;82;3.5;920000;PROG2027
20270201;2027;1130;Institutt for økonomi;TA;Teknisk-administrativ;15.0;82;1.5;680000;PROG2027
20270201;2027;1140;HHU Fakultetsadministrasjon;TA;Teknisk-administrativ;35.0;39;1.5;680000;PROG2027
20270201;2027;1200;Fakultet for teknologi og realfag (TEK);UF;Vitenskapelig ansatt;230.0;358;4.0;910000;PROG2027
20270201;2027;1200;Fakultet for teknologi og realfag (TEK);TA;Teknisk-administrativ;95.0;358;2.0;670000;PROG2027
20270201;2027;1300;Fakultet for helse- og idrettsvitenskap (HEL);UF;Vitenskapelig ansatt;195.0;301;4.0;910000;PROG2027
20270201;2027;1300;Fakultet for helse- og idrettsvitenskap (HEL);TA;Teknisk-administrativ;80.0;301;2.0;670000;PROG2027
20270201;2027;1400;Fakultet for samfunnsvitenskap (SAM);UF;Vitenskapelig ansatt;115.0;176;4.0;910000;PROG2027
20270201;2027;1400;Fakultet for samfunnsvitenskap (SAM);TA;Teknisk-administrativ;45.0;176;2.0;670000;PROG2027
20270201;2027;1500;Fakultet for humaniora og pedagogikk (HUM);UF;Vitenskapelig ansatt;95.0;142;4.0;910000;PROG2027
20270201;2027;1500;Fakultet for humaniora og pedagogikk (HUM);TA;Teknisk-administrativ;35.0;142;2.0;670000;PROG2027
20270201;2027;1600;Fellesadministrasjon & Fellesdrift (ADM);TA;Teknisk-administrativ;120.0;129;2.0;670000;PROG2027
20270301;2027;1110;Institutt for ledelse og innovasjon;UF;Vitenskapelig ansatt;55.0;76;3.5;920000;PROG2027
20270301;2027;1110;Institutt for ledelse og innovasjon;TA;Teknisk-administrativ;15.0;76;1.5;680000;PROG2027
20270301;2027;1120;Institutt for rettsvitenskap;UF;Vitenskapelig ansatt;40.0;55;3.5;920000;PROG2027
20270301;2027;1120;Institutt for rettsvitenskap;TA;Teknisk-administrativ;10.0;55;1.5;680000;PROG2027
20270301;2027;1130;Institutt for økonomi;UF;Vitenskapelig ansatt;60.0;82;3.5;920000;PROG2027
20270301;2027;1130;Institutt for økonomi;TA;Teknisk-administrativ;15.0;82;1.5;680000;PROG2027
20270301;2027;1140;HHU Fakultetsadministrasjon;TA;Teknisk-administrativ;35.0;39;1.5;680000;PROG2027
20270301;2027;1200;Fakultet for teknologi og realfag (TEK);UF;Vitenskapelig ansatt;230.0;358;4.0;910000;PROG2027
20270301;2027;1200;Fakultet for teknologi og realfag (TEK);TA;Teknisk-administrativ;95.0;358;2.0;670000;PROG2027
20270301;2027;1300;Fakultet for helse- og idrettsvitenskap (HEL);UF;Vitenskapelig ansatt;195.0;301;4.0;910000;PROG2027
20270301;2027;1300;Fakultet for helse- og idrettsvitenskap (HEL);TA;Teknisk-administrativ;80.0;301;2.0;670000;PROG2027
20270301;2027;1400;Fakultet for samfunnsvitenskap (SAM);UF;Vitenskapelig ansatt;115.0;176;4.0;910000;PROG2027
20270301;2027;1400;Fakultet for samfunnsvitenskap (SAM);TA;Teknisk-administrativ;45.0;176;2.0;670000;PROG2027
20270301;2027;1500;Fakultet for humaniora og pedagogikk (HUM);UF;Vitenskapelig ansatt;95.0;142;4.0;910000;PROG2027
20270301;2027;1500;Fakultet for humaniora og pedagogikk (HUM);TA;Teknisk-administrativ;35.0;142;2.0;670000;PROG2027
20270301;2027;1600;Fellesadministrasjon & Fellesdrift (ADM);TA;Teknisk-administrativ;120.0;129;2.0;670000;PROG2027
20270401;2027;1110;Institutt for ledelse og innovasjon;UF;Vitenskapelig ansatt;55.0;76;3.5;920000;PROG2027
20270401;2027;1110;Institutt for ledelse og innovasjon;TA;Teknisk-administrativ;15.0;76;1.5;680000;PROG2027
20270401;2027;1120;Institutt for rettsvitenskap;UF;Vitenskapelig ansatt;40.0;55;3.5;920000;PROG2027
20270401;2027;1120;Institutt for rettsvitenskap;TA;Teknisk-administrativ;10.0;55;1.5;680000;PROG2027
20270401;2027;1130;Institutt for økonomi;UF;Vitenskapelig ansatt;60.0;82;3.5;920000;PROG2027
20270401;2027;1130;Institutt for økonomi;TA;Teknisk-administrativ;15.0;82;1.5;680000;PROG2027
20270401;2027;1140;HHU Fakultetsadministrasjon;TA;Teknisk-administrativ;35.0;39;1.5;680000;PROG2027
20270401;2027;1200;Fakultet for teknologi og realfag (TEK);UF;Vitenskapelig ansatt;230.0;358;4.0;910000;PROG2027
20270401;2027;1200;Fakultet for teknologi og realfag (TEK);TA;Teknisk-administrativ;95.0;358;2.0;670000;PROG2027
20270401;2027;1300;Fakultet for helse- og idrettsvitenskap (HEL);UF;Vitenskapelig ansatt;195.0;301;4.0;910000;PROG2027
20270401;2027;1300;Fakultet for helse- og idrettsvitenskap (HEL);TA;Teknisk-administrativ;80.0;301;2.0;670000;PROG2027
20270401;2027;1400;Fakultet for samfunnsvitenskap (SAM);UF;Vitenskapelig ansatt;115.0;176;4.0;910000;PROG2027
20270401;2027;1400;Fakultet for samfunnsvitenskap (SAM);TA;Teknisk-administrativ;45.0;176;2.0;670000;PROG2027
20270401;2027;1500;Fakultet for humaniora og pedagogikk (HUM);UF;Vitenskapelig ansatt;95.0;142;4.0;910000;PROG2027
20270401;2027;1500;Fakultet for humaniora og pedagogikk (HUM);TA;Teknisk-administrativ;35.0;142;2.0;670000;PROG2027
20270401;2027;1600;Fellesadministrasjon & Fellesdrift (ADM);TA;Teknisk-administrativ;120.0;129;2.0;670000;PROG2027
20270501;2027;1110;Institutt for ledelse og innovasjon;UF;Vitenskapelig ansatt;55.0;76;3.5;920000;PROG2027
20270501;2027;1110;Institutt for ledelse og innovasjon;TA;Teknisk-administrativ;15.0;76;1.5;680000;PROG2027
20270501;2027;1120;Institutt for rettsvitenskap;UF;Vitenskapelig ansatt;40.0;55;3.5;920000;PROG2027
20270501;2027;1120;Institutt for rettsvitenskap;TA;Teknisk-administrativ;10.0;55;1.5;680000;PROG2027
20270501;2027;1130;Institutt for økonomi;UF;Vitenskapelig ansatt;60.0;82;3.5;920000;PROG2027
20270501;2027;1130;Institutt for økonomi;TA;Teknisk-administrativ;15.0;82;1.5;680000;PROG2027
20270501;2027;1140;HHU Fakultetsadministrasjon;TA;Teknisk-administrativ;35.0;39;1.5;680000;PROG2027
20270501;2027;1200;Fakultet for teknologi og realfag (TEK);UF;Vitenskapelig ansatt;230.0;358;4.0;910000;PROG2027
20270501;2027;1200;Fakultet for teknologi og realfag (TEK);TA;Teknisk-administrativ;95.0;358;2.0;670000;PROG2027
20270501;2027;1300;Fakultet for helse- og idrettsvitenskap (HEL);UF;Vitenskapelig ansatt;195.0;301;4.0;910000;PROG2027
20270501;2027;1300;Fakultet for helse- og idrettsvitenskap (HEL);TA;Teknisk-administrativ;80.0;301;2.0;670000;PROG2027
20270501;2027;1400;Fakultet for samfunnsvitenskap (SAM);UF;Vitenskapelig ansatt;115.0;176;4.0;910000;PROG2027
20270501;2027;1400;Fakultet for samfunnsvitenskap (SAM);TA;Teknisk-administrativ;45.0;176;2.0;670000;PROG2027
20270501;2027;1500;Fakultet for humaniora og pedagogikk (HUM);UF;Vitenskapelig ansatt;95.0;142;4.0;910000;PROG2027
20270501;2027;1500;Fakultet for humaniora og pedagogikk (HUM);TA;Teknisk-administrativ;35.0;142;2.0;670000;PROG2027
20270501;2027;1600;Fellesadministrasjon & Fellesdrift (ADM);TA;Teknisk-administrativ;120.0;129;2.0;670000;PROG2027
20270601;2027;1110;Institutt for ledelse og innovasjon;UF;Vitenskapelig ansatt;55.0;76;3.5;920000;PROG2027
20270601;2027;1110;Institutt for ledelse og innovasjon;TA;Teknisk-administrativ;15.0;76;1.5;680000;PROG2027
20270601;2027;1120;Institutt for rettsvitenskap;UF;Vitenskapelig ansatt;40.0;55;3.5;920000;PROG2027
20270601;2027;1120;Institutt for rettsvitenskap;TA;Teknisk-administrativ;10.0;55;1.5;680000;PROG2027
20270601;2027;1130;Institutt for økonomi;UF;Vitenskapelig ansatt;60.0;82;3.5;920000;PROG2027
20270601;2027;1130;Institutt for økonomi;TA;Teknisk-administrativ;15.0;82;1.5;680000;PROG2027
20270601;2027;1140;HHU Fakultetsadministrasjon;TA;Teknisk-administrativ;35.0;39;1.5;680000;PROG2027
20270601;2027;1200;Fakultet for teknologi og realfag (TEK);UF;Vitenskapelig ansatt;230.0;358;4.0;910000;PROG2027
20270601;2027;1200;Fakultet for teknologi og realfag (TEK);TA;Teknisk-administrativ;95.0;358;2.0;670000;PROG2027
20270601;2027;1300;Fakultet for helse- og idrettsvitenskap (HEL);UF;Vitenskapelig ansatt;195.0;301;4.0;910000;PROG2027
20270601;2027;1300;Fakultet for helse- og idrettsvitenskap (HEL);TA;Teknisk-administrativ;80.0;301;2.0;670000;PROG2027
20270601;2027;1400;Fakultet for samfunnsvitenskap (SAM);UF;Vitenskapelig ansatt;115.0;176;4.0;910000;PROG2027
20270601;2027;1400;Fakultet for samfunnsvitenskap (SAM);TA;Teknisk-administrativ;45.0;176;2.0;670000;PROG2027
20270601;2027;1500;Fakultet for humaniora og pedagogikk (HUM);UF;Vitenskapelig ansatt;95.0;142;4.0;910000;PROG2027
20270601;2027;1500;Fakultet for humaniora og pedagogikk (HUM);TA;Teknisk-administrativ;35.0;142;2.0;670000;PROG2027
20270601;2027;1600;Fellesadministrasjon & Fellesdrift (ADM);TA;Teknisk-administrativ;120.0;129;2.0;670000;PROG2027
20270701;2027;1110;Institutt for ledelse og innovasjon;UF;Vitenskapelig ansatt;55.0;76;3.5;920000;PROG2027
20270701;2027;1110;Institutt for ledelse og innovasjon;TA;Teknisk-administrativ;15.0;76;1.5;680000;PROG2027
20270701;2027;1120;Institutt for rettsvitenskap;UF;Vitenskapelig ansatt;40.0;55;3.5;920000;PROG2027
20270701;2027;1120;Institutt for rettsvitenskap;TA;Teknisk-administrativ;10.0;55;1.5;680000;PROG2027
20270701;2027;1130;Institutt for økonomi;UF;Vitenskapelig ansatt;60.0;82;3.5;920000;PROG2027
20270701;2027;1130;Institutt for økonomi;TA;Teknisk-administrativ;15.0;82;1.5;680000;PROG2027
20270701;2027;1140;HHU Fakultetsadministrasjon;TA;Teknisk-administrativ;35.0;39;1.5;680000;PROG2027
20270701;2027;1200;Fakultet for teknologi og realfag (TEK);UF;Vitenskapelig ansatt;230.0;358;4.0;910000;PROG2027
20270701;2027;1200;Fakultet for teknologi og realfag (TEK);TA;Teknisk-administrativ;95.0;358;2.0;670000;PROG2027
20270701;2027;1300;Fakultet for helse- og idrettsvitenskap (HEL);UF;Vitenskapelig ansatt;195.0;301;4.0;910000;PROG2027
20270701;2027;1300;Fakultet for helse- og idrettsvitenskap (HEL);TA;Teknisk-administrativ;80.0;301;2.0;670000;PROG2027
20270701;2027;1400;Fakultet for samfunnsvitenskap (SAM);UF;Vitenskapelig ansatt;115.0;176;4.0;910000;PROG2027
20270701;2027;1400;Fakultet for samfunnsvitenskap (SAM);TA;Teknisk-administrativ;45.0;176;2.0;670000;PROG2027
20270701;2027;1500;Fakultet for humaniora og pedagogikk (HUM);UF;Vitenskapelig ansatt;95.0;142;4.0;910000;PROG2027
20270701;2027;1500;Fakultet for humaniora og pedagogikk (HUM);TA;Teknisk-administrativ;35.0;142;2.0;670000;PROG2027
20270701;2027;1600;Fellesadministrasjon & Fellesdrift (ADM);TA;Teknisk-administrativ;120.0;129;2.0;670000;PROG2027
20270801;2027;1110;Institutt for ledelse og innovasjon;UF;Vitenskapelig ansatt;55.0;76;3.5;920000;PROG2027
20270801;2027;1110;Institutt for ledelse og innovasjon;TA;Teknisk-administrativ;15.0;76;1.5;680000;PROG2027
20270801;2027;1120;Institutt for rettsvitenskap;UF;Vitenskapelig ansatt;40.0;55;3.5;920000;PROG2027
20270801;2027;1120;Institutt for rettsvitenskap;TA;Teknisk-administrativ;10.0;55;1.5;680000;PROG2027
20270801;2027;1130;Institutt for økonomi;UF;Vitenskapelig ansatt;60.0;82;3.5;920000;PROG2027
20270801;2027;1130;Institutt for økonomi;TA;Teknisk-administrativ;15.0;82;1.5;680000;PROG2027
20270801;2027;1140;HHU Fakultetsadministrasjon;TA;Teknisk-administrativ;35.0;39;1.5;680000;PROG2027
20270801;2027;1200;Fakultet for teknologi og realfag (TEK);UF;Vitenskapelig ansatt;230.0;358;4.0;910000;PROG2027
20270801;2027;1200;Fakultet for teknologi og realfag (TEK);TA;Teknisk-administrativ;95.0;358;2.0;670000;PROG2027
20270801;2027;1300;Fakultet for helse- og idrettsvitenskap (HEL);UF;Vitenskapelig ansatt;195.0;301;4.0;910000;PROG2027
20270801;2027;1300;Fakultet for helse- og idrettsvitenskap (HEL);TA;Teknisk-administrativ;80.0;301;2.0;670000;PROG2027
20270801;2027;1400;Fakultet for samfunnsvitenskap (SAM);UF;Vitenskapelig ansatt;115.0;176;4.0;910000;PROG2027
20270801;2027;1400;Fakultet for samfunnsvitenskap (SAM);TA;Teknisk-administrativ;45.0;176;2.0;670000;PROG2027
20270801;2027;1500;Fakultet for humaniora og pedagogikk (HUM);UF;Vitenskapelig ansatt;95.0;142;4.0;910000;PROG2027
20270801;2027;1500;Fakultet for humaniora og pedagogikk (HUM);TA;Teknisk-administrativ;35.0;142;2.0;670000;PROG2027
20270801;2027;1600;Fellesadministrasjon & Fellesdrift (ADM);TA;Teknisk-administrativ;120.0;129;2.0;670000;PROG2027
20270901;2027;1110;Institutt for ledelse og innovasjon;UF;Vitenskapelig ansatt;55.0;76;3.5;920000;PROG2027
20270901;2027;1110;Institutt for ledelse og innovasjon;TA;Teknisk-administrativ;15.0;76;1.5;680000;PROG2027
20270901;2027;1120;Institutt for rettsvitenskap;UF;Vitenskapelig ansatt;40.0;55;3.5;920000;PROG2027
20270901;2027;1120;Institutt for rettsvitenskap;TA;Teknisk-administrativ;10.0;55;1.5;680000;PROG2027
20270901;2027;1130;Institutt for økonomi;UF;Vitenskapelig ansatt;60.0;82;3.5;920000;PROG2027
20270901;2027;1130;Institutt for økonomi;TA;Teknisk-administrativ;15.0;82;1.5;680000;PROG2027
20270901;2027;1140;HHU Fakultetsadministrasjon;TA;Teknisk-administrativ;35.0;39;1.5;680000;PROG2027
20270901;2027;1200;Fakultet for teknologi og realfag (TEK);UF;Vitenskapelig ansatt;230.0;358;4.0;910000;PROG2027
20270901;2027;1200;Fakultet for teknologi og realfag (TEK);TA;Teknisk-administrativ;95.0;358;2.0;670000;PROG2027
20270901;2027;1300;Fakultet for helse- og idrettsvitenskap (HEL);UF;Vitenskapelig ansatt;195.0;301;4.0;910000;PROG2027
20270901;2027;1300;Fakultet for helse- og idrettsvitenskap (HEL);TA;Teknisk-administrativ;80.0;301;2.0;670000;PROG2027
20270901;2027;1400;Fakultet for samfunnsvitenskap (SAM);UF;Vitenskapelig ansatt;115.0;176;4.0;910000;PROG2027
20270901;2027;1400;Fakultet for samfunnsvitenskap (SAM);TA;Teknisk-administrativ;45.0;176;2.0;670000;PROG2027
20270901;2027;1500;Fakultet for humaniora og pedagogikk (HUM);UF;Vitenskapelig ansatt;95.0;142;4.0;910000;PROG2027
20270901;2027;1500;Fakultet for humaniora og pedagogikk (HUM);TA;Teknisk-administrativ;35.0;142;2.0;670000;PROG2027
20270901;2027;1600;Fellesadministrasjon & Fellesdrift (ADM);TA;Teknisk-administrativ;120.0;129;2.0;670000;PROG2027
20271001;2027;1110;Institutt for ledelse og innovasjon;UF;Vitenskapelig ansatt;55.0;76;3.5;920000;PROG2027
20271001;2027;1110;Institutt for ledelse og innovasjon;TA;Teknisk-administrativ;15.0;76;1.5;680000;PROG2027
20271001;2027;1120;Institutt for rettsvitenskap;UF;Vitenskapelig ansatt;40.0;55;3.5;920000;PROG2027
20271001;2027;1120;Institutt for rettsvitenskap;TA;Teknisk-administrativ;10.0;55;1.5;680000;PROG2027
20271001;2027;1130;Institutt for økonomi;UF;Vitenskapelig ansatt;60.0;82;3.5;920000;PROG2027
20271001;2027;1130;Institutt for økonomi;TA;Teknisk-administrativ;15.0;82;1.5;680000;PROG2027
20271001;2027;1140;HHU Fakultetsadministrasjon;TA;Teknisk-administrativ;35.0;39;1.5;680000;PROG2027
20271001;2027;1200;Fakultet for teknologi og realfag (TEK);UF;Vitenskapelig ansatt;230.0;358;4.0;910000;PROG2027
20271001;2027;1200;Fakultet for teknologi og realfag (TEK);TA;Teknisk-administrativ;95.0;358;2.0;670000;PROG2027
20271001;2027;1300;Fakultet for helse- og idrettsvitenskap (HEL);UF;Vitenskapelig ansatt;195.0;301;4.0;910000;PROG2027
20271001;2027;1300;Fakultet for helse- og idrettsvitenskap (HEL);TA;Teknisk-administrativ;80.0;301;2.0;670000;PROG2027
20271001;2027;1400;Fakultet for samfunnsvitenskap (SAM);UF;Vitenskapelig ansatt;115.0;176;4.0;910000;PROG2027
20271001;2027;1400;Fakultet for samfunnsvitenskap (SAM);TA;Teknisk-administrativ;45.0;176;2.0;670000;PROG2027
20271001;2027;1500;Fakultet for humaniora og pedagogikk (HUM);UF;Vitenskapelig ansatt;95.0;142;4.0;910000;PROG2027
20271001;2027;1500;Fakultet for humaniora og pedagogikk (HUM);TA;Teknisk-administrativ;35.0;142;2.0;670000;PROG2027
20271001;2027;1600;Fellesadministrasjon & Fellesdrift (ADM);TA;Teknisk-administrativ;120.0;129;2.0;670000;PROG2027
20271101;2027;1110;Institutt for ledelse og innovasjon;UF;Vitenskapelig ansatt;55.0;76;3.5;920000;PROG2027
20271101;2027;1110;Institutt for ledelse og innovasjon;TA;Teknisk-administrativ;15.0;76;1.5;680000;PROG2027
20271101;2027;1120;Institutt for rettsvitenskap;UF;Vitenskapelig ansatt;40.0;55;3.5;920000;PROG2027
20271101;2027;1120;Institutt for rettsvitenskap;TA;Teknisk-administrativ;10.0;55;1.5;680000;PROG2027
20271101;2027;1130;Institutt for økonomi;UF;Vitenskapelig ansatt;60.0;82;3.5;920000;PROG2027
20271101;2027;1130;Institutt for økonomi;TA;Teknisk-administrativ;15.0;82;1.5;680000;PROG2027
20271101;2027;1140;HHU Fakultetsadministrasjon;TA;Teknisk-administrativ;35.0;39;1.5;680000;PROG2027
20271101;2027;1200;Fakultet for teknologi og realfag (TEK);UF;Vitenskapelig ansatt;230.0;358;4.0;910000;PROG2027
20271101;2027;1200;Fakultet for teknologi og realfag (TEK);TA;Teknisk-administrativ;95.0;358;2.0;670000;PROG2027
20271101;2027;1300;Fakultet for helse- og idrettsvitenskap (HEL);UF;Vitenskapelig ansatt;195.0;301;4.0;910000;PROG2027
20271101;2027;1300;Fakultet for helse- og idrettsvitenskap (HEL);TA;Teknisk-administrativ;80.0;301;2.0;670000;PROG2027
20271101;2027;1400;Fakultet for samfunnsvitenskap (SAM);UF;Vitenskapelig ansatt;115.0;176;4.0;910000;PROG2027
20271101;2027;1400;Fakultet for samfunnsvitenskap (SAM);TA;Teknisk-administrativ;45.0;176;2.0;670000;PROG2027
20271101;2027;1500;Fakultet for humaniora og pedagogikk (HUM);UF;Vitenskapelig ansatt;95.0;142;4.0;910000;PROG2027
20271101;2027;1500;Fakultet for humaniora og pedagogikk (HUM);TA;Teknisk-administrativ;35.0;142;2.0;670000;PROG2027
20271101;2027;1600;Fellesadministrasjon & Fellesdrift (ADM);TA;Teknisk-administrativ;120.0;129;2.0;670000;PROG2027
20271201;2027;1110;Institutt for ledelse og innovasjon;UF;Vitenskapelig ansatt;55.0;76;3.5;920000;PROG2027
20271201;2027;1110;Institutt for ledelse og innovasjon;TA;Teknisk-administrativ;15.0;76;1.5;680000;PROG2027
20271201;2027;1120;Institutt for rettsvitenskap;UF;Vitenskapelig ansatt;40.0;55;3.5;920000;PROG2027
20271201;2027;1120;Institutt for rettsvitenskap;TA;Teknisk-administrativ;10.0;55;1.5;680000;PROG2027
20271201;2027;1130;Institutt for økonomi;UF;Vitenskapelig ansatt;60.0;82;3.5;920000;PROG2027
20271201;2027;1130;Institutt for økonomi;TA;Teknisk-administrativ;15.0;82;1.5;680000;PROG2027
20271201;2027;1140;HHU Fakultetsadministrasjon;TA;Teknisk-administrativ;35.0;39;1.5;680000;PROG2027
20271201;2027;1200;Fakultet for teknologi og realfag (TEK);UF;Vitenskapelig ansatt;230.0;358;4.0;910000;PROG2027
20271201;2027;1200;Fakultet for teknologi og realfag (TEK);TA;Teknisk-administrativ;95.0;358;2.0;670000;PROG2027
20271201;2027;1300;Fakultet for helse- og idrettsvitenskap (HEL);UF;Vitenskapelig ansatt;195.0;301;4.0;910000;PROG2027
20271201;2027;1300;Fakultet for helse- og idrettsvitenskap (HEL);TA;Teknisk-administrativ;80.0;301;2.0;670000;PROG2027
20271201;2027;1400;Fakultet for samfunnsvitenskap (SAM);UF;Vitenskapelig ansatt;115.0;176;4.0;910000;PROG2027
20271201;2027;1400;Fakultet for samfunnsvitenskap (SAM);TA;Teknisk-administrativ;45.0;176;2.0;670000;PROG2027
20271201;2027;1500;Fakultet for humaniora og pedagogikk (HUM);UF;Vitenskapelig ansatt;95.0;142;4.0;910000;PROG2027
20271201;2027;1500;Fakultet for humaniora og pedagogikk (HUM);TA;Teknisk-administrativ;35.0;142;2.0;670000;PROG2027
20271201;2027;1600;Fellesadministrasjon & Fellesdrift (ADM);TA;Teknisk-administrativ;120.0;129;2.0;670000;PROG2027
