DatoNokkel;Planned_Value_PV_MNOK;Earned_Value_EV_MNOK;Actual_Cost_AC_MNOK;Budget_At_Completion_BAC_MNOK;Estimate_At_Completion_EAC_MNOK;Estimate_To_Complete_ETC_MNOK;Cost_Performance_Index_CPI;Schedule_Performance_Index_SPI;Variance_At_Completion_VAC_MNOK
202601;121.0;111.0;114.5;1433.0;1444.0;1329.5;0.97;0.92;-11.0
202602;243.0;223.0;229.0;1433.0;1444.0;1215.0;0.97;0.92;-11.0
202603;371.0;341.0;350.0;1433.0;1444.0;1094.0;0.97;0.92;-11.0
202604;498.0;458.0;469.5;1433.0;1444.0;974.5;0.98;0.92;-11.0
202605;629.0;578.0;593.5;1433.0;1444.0;850.5;0.97;0.92;-11.0
202606;774.0;711.0;758.5;1433.0;1444.0;685.5;0.94;0.92;-11.0
202607;869.0;799.0;848.0;1433.0;1444.0;596.0;0.94;0.92;-11.0
202608;992.0;912.0;966.0;1433.0;1444.0;478.0;0.94;0.92;-11.0
202609;1124.0;1034.0;1092.0;1433.0;1444.0;352.0;0.95;0.92;-11.0
202610;1256.0;1155.5;1218.5;1433.0;1444.0;225.5;0.95;0.92;-11.0
202611;1387.8;1276.8;1344.0;1433.0;1444.0;100.0;0.95;0.92;-11.0
202612;1507.8;1344.0;1444.0;1433.0;1444.0;0.0;0.93;0.89;-11.0
